,0,1,2
0,BX1,114300,2014-08-08 20:00:17
1,BX1,112200,2014-08-08 20:00:20
2,BX1,113000,2014-08-08 20:00:20
3,BX1,113900,2014-08-08 20:00:21
4,BX1,115700,2014-08-08 20:00:21
5,BX1,115500,2014-08-08 20:00:22
6,BX1,117300,2014-08-08 20:00:25
7,BX1,117900,2014-08-08 20:00:25
8,BX1,114300,2014-08-08 20:00:43
9,BX1,114300,2014-08-08 20:01:14
10,BX1,114300,2014-08-08 20:01:22
11,BX1,112200,2014-08-08 20:01:23
12,BX1,113000,2014-08-08 20:01:23
13,BX1,113900,2014-08-08 20:01:23
14,BX1,115700,2014-08-08 20:01:24
15,BX1,115500,2014-08-08 20:01:25
16,BX1,117300,2014-08-08 20:01:28
17,BX1,117900,2014-08-08 20:01:28
18,BX1,114300,2014-08-08 20:02:16
19,BX1,114300,2014-08-08 20:02:25
20,BX1,112200,2014-08-08 20:02:26
21,BX1,113900,2014-08-08 20:02:26
22,BX1,115700,2014-08-08 20:02:27
23,BX1,115500,2014-08-08 20:02:28
24,BX1,113000,2014-08-08 20:02:29
25,BX1,117900,2014-08-08 20:02:30
26,BX1,117300,2014-08-08 20:02:31
27,BX1,114300,2014-08-08 20:02:56
28,BX1,112200,2014-08-08 20:02:57
29,BX1,113900,2014-08-08 20:02:57
30,BX1,115700,2014-08-08 20:02:58
31,BX1,115500,2014-08-08 20:02:59
32,BX1,113000,2014-08-08 20:03:00
33,BX1,117900,2014-08-08 20:03:01
34,BX1,117300,2014-08-08 20:03:02
35,BX1,114300,2014-08-08 20:03:20
36,BX1,114300,2014-08-08 20:03:52
37,BX1,114300,2014-08-08 20:03:59
38,BX1,112200,2014-08-08 20:04:00
39,BX1,113900,2014-08-08 20:04:01
40,BX1,115700,2014-08-08 20:04:01
41,BX1,115500,2014-08-08 20:04:02
42,BX1,113000,2014-08-08 20:04:03
43,BX1,117900,2014-08-08 20:04:04
44,BX1,117300,2014-08-08 20:04:06
45,BX1,114300,2014-08-08 20:04:24
46,BX1,112200,2014-08-08 20:05:03
47,BX1,114300,2014-08-08 20:05:03
48,BX1,115700,2014-08-08 20:05:04
49,BX1,113000,2014-08-08 20:05:05
50,BX1,113900,2014-08-08 20:05:05
51,BX1,115500,2014-08-08 20:05:06
52,BX1,117900,2014-08-08 20:05:06
53,BX1,117300,2014-08-08 20:05:08
54,BX1,114300,2014-08-08 20:05:27
55,BX1,112200,2014-08-08 20:05:35
56,BX1,114300,2014-08-08 20:05:35
57,BX1,115700,2014-08-08 20:05:35
58,BX1,115500,2014-08-08 20:05:36
59,BX1,113000,2014-08-08 20:05:37
60,BX1,113900,2014-08-08 20:05:37
61,BX1,114300,2014-08-08 20:06:01
62,BX1,112200,2014-08-08 20:06:06
63,BX1,114300,2014-08-08 20:06:06
64,BX1,115700,2014-08-08 20:06:06
65,BX1,113000,2014-08-08 20:06:08
66,BX1,113900,2014-08-08 20:06:08
67,BX1,115500,2014-08-08 20:06:08
68,BX1,117900,2014-08-08 20:06:10
69,BX1,117300,2014-08-08 20:06:12
70,BX1,114300,2014-08-08 20:06:33
71,BX1,114300,2014-08-08 20:07:05
72,BX1,115700,2014-08-08 20:07:09
73,BX1,114300,2014-08-08 20:07:10
74,BX1,115500,2014-08-08 20:07:10
75,BX1,113000,2014-08-08 20:07:11
76,BX1,113900,2014-08-08 20:07:12
77,BX1,112200,2014-08-08 20:07:13
78,BX1,117300,2014-08-08 20:07:16
79,BX1,117900,2014-08-08 20:07:16
80,BX1,114300,2014-08-08 20:08:11
81,BX1,115500,2014-08-08 20:08:12
82,BX1,115700,2014-08-08 20:08:12
83,BX1,113000,2014-08-08 20:08:14
84,BX1,114300,2014-08-08 20:08:14
85,BX1,113900,2014-08-08 20:08:15
86,BX1,120900,2014-08-08 20:08:18
87,BX1,117300,2014-08-08 20:08:19
88,BX1,117900,2014-08-08 20:08:20
89,BX1,117300,2014-08-08 20:08:51
90,BX1,120900,2014-08-08 20:08:51
91,BX1,117900,2014-08-08 20:08:52
92,BX1,115500,2014-08-08 20:09:14
93,BX1,115700,2014-08-08 20:09:14
94,BX1,114300,2014-08-08 20:09:15
95,BX1,114300,2014-08-08 20:09:17
96,BX1,113900,2014-08-08 20:09:18
97,BX1,113000,2014-08-08 20:09:20
98,BX1,113900,2014-08-08 20:09:49
99,BX1,114300,2014-08-08 20:09:49
100,BX1,113000,2014-08-08 20:09:51
101,BX1,117900,2014-08-08 20:09:54
102,BX1,117300,2014-08-08 20:09:55
103,BX1,120900,2014-08-08 20:09:56
104,BX1,115700,2014-08-08 20:10:17
105,BX1,115500,2014-08-08 20:10:18
106,BX1,113900,2014-08-08 20:10:21
107,BX1,114300,2014-08-08 20:10:21
108,BX1,113000,2014-08-08 20:10:23
109,BX1,120900,2014-08-08 20:11:02
110,BX1,115700,2014-08-08 20:11:21
111,BX1,114300,2014-08-08 20:11:23
112,BX1,115500,2014-08-08 20:11:23
113,BX1,113900,2014-08-08 20:11:25
114,BX1,117300,2014-08-08 20:11:29
115,BX1,117900,2014-08-08 20:11:29
116,BX1,114300,2014-08-08 20:11:55
117,BX1,121000,2014-08-08 20:11:57
118,BX1,122400,2014-08-08 20:11:57
119,BX1,117300,2014-08-08 20:12:00
120,BX1,117900,2014-08-08 20:12:00
121,BX1,120900,2014-08-08 20:12:05
122,BX1,115500,2014-08-08 20:12:25
123,BX1,115700,2014-08-08 20:12:25
124,BX1,115500,2014-08-08 20:12:57
125,BX1,115700,2014-08-08 20:12:57
126,BX1,114300,2014-08-08 20:12:59
127,BX1,121000,2014-08-08 20:13:01
128,BX1,122400,2014-08-08 20:13:01
129,BX1,117900,2014-08-08 20:13:02
130,BX1,117300,2014-08-08 20:13:04
131,BX1,120900,2014-08-08 20:13:08
132,BX1,115500,2014-08-08 20:14:01
133,BX1,115700,2014-08-08 20:14:01
134,BX1,114300,2014-08-08 20:14:02
135,BX1,121000,2014-08-08 20:14:04
136,BX1,122400,2014-08-08 20:14:04
137,BX1,117900,2014-08-08 20:14:05
138,BX1,117300,2014-08-08 20:14:08
139,BX1,120900,2014-08-08 20:14:11
140,BX1,115500,2014-08-08 20:15:04
141,BX1,114300,2014-08-08 20:15:05
142,BX1,115700,2014-08-08 20:15:05
143,BX1,117900,2014-08-08 20:15:07
144,BX1,121000,2014-08-08 20:15:07
145,BX1,122400,2014-08-08 20:15:07
146,BX1,117300,2014-08-08 20:15:11
147,BX1,120900,2014-08-08 20:15:13
148,BX1,115500,2014-08-08 20:16:07
149,BX1,114300,2014-08-08 20:16:08
150,BX1,115700,2014-08-08 20:16:09
151,BX1,121000,2014-08-08 20:16:10
152,BX1,117900,2014-08-08 20:16:11
153,BX1,122400,2014-08-08 20:16:11
154,BX1,117300,2014-08-08 20:16:14
155,BX1,120900,2014-08-08 20:16:16
156,BX1,115500,2014-08-08 20:16:39
157,BX1,114300,2014-08-08 20:16:40
158,BX1,115700,2014-08-08 20:16:40
159,BX1,121000,2014-08-08 20:16:41
160,BX1,117900,2014-08-08 20:16:42
161,BX1,122400,2014-08-08 20:16:43
162,BX1,117300,2014-08-08 20:16:45
163,BX1,120900,2014-08-08 20:16:48
164,BX1,115500,2014-08-08 20:17:42
165,BX1,114300,2014-08-08 20:17:43
166,BX1,115700,2014-08-08 20:17:44
167,BX1,117900,2014-08-08 20:17:45
168,BX1,121000,2014-08-08 20:17:45
169,BX1,117300,2014-08-08 20:17:48
170,BX1,122400,2014-08-08 20:17:48
171,BX1,120900,2014-08-08 20:17:51
172,BX1,115500,2014-08-08 20:18:14
173,BX1,117900,2014-08-08 20:18:49
174,BX1,121000,2014-08-08 20:18:49
175,BX1,117300,2014-08-08 20:18:51
176,BX1,120900,2014-08-08 20:18:54
177,BX1,122400,2014-08-08 20:18:55
178,BX1,115500,2014-08-08 20:19:17
179,BX1,114300,2014-08-08 20:19:19
180,BX1,115700,2014-08-08 20:19:19
181,BX1,115500,2014-08-08 20:19:48
182,BX1,115700,2014-08-08 20:19:51
183,BX1,117900,2014-08-08 20:19:52
184,BX1,121000,2014-08-08 20:19:52
185,BX1,117300,2014-08-08 20:19:55
186,BX1,120900,2014-08-08 20:19:58
187,BX1,122400,2014-08-08 20:20:01
188,BX1,121000,2014-08-08 20:20:54
189,BX1,115700,2014-08-08 20:20:55
190,BX1,117900,2014-08-08 20:20:55
191,BX1,117300,2014-08-08 20:20:58
192,BX1,120900,2014-08-08 20:21:00
193,BX1,122400,2014-08-08 20:21:08
194,BX1,121000,2014-08-08 20:21:25
195,BX1,117300,2014-08-08 20:21:30
196,BX1,120900,2014-08-08 20:21:32
197,BX1,122400,2014-08-08 20:21:41
198,BX1,115700,2014-08-08 20:21:58
199,BX1,117900,2014-08-08 20:21:58
200,BX1,117300,2014-08-08 20:22:01
201,BX1,120900,2014-08-08 20:22:04
202,BX1,122400,2014-08-08 20:22:14
203,BX1,120900,2014-08-08 20:22:37
204,BX1,121000,2014-08-08 20:22:41
205,BX1,122400,2014-08-08 20:22:48
206,BX1,115700,2014-08-08 20:23:02
207,BX1,117900,2014-08-08 20:23:02
208,BX1,117300,2014-08-08 20:23:05
209,BX1,117300,2014-08-08 20:23:36
210,BX1,120900,2014-08-08 20:23:40
211,BX1,121000,2014-08-08 20:23:45
212,BX1,122400,2014-08-08 20:23:53
213,BX1,117900,2014-08-08 20:24:04
214,BX1,122400,2014-08-08 20:24:25
215,BX1,117900,2014-08-08 20:24:36
216,BX1,117300,2014-08-08 20:24:39
217,BX1,120900,2014-08-08 20:24:44
218,BX1,121000,2014-08-08 20:24:48
219,BX1,122400,2014-08-08 20:25:30
220,BX1,117900,2014-08-08 20:25:39
221,BX1,120900,2014-08-08 20:25:46
222,BX1,117300,2014-08-08 20:25:50
223,BX1,121000,2014-08-08 20:25:51
224,BX1,120900,2014-08-08 20:26:18
225,BX1,117300,2014-08-08 20:26:22
226,BX1,121000,2014-08-08 20:26:22
227,BX1,122400,2014-08-08 20:26:33
228,BX1,117900,2014-08-08 20:26:42
229,BX1,120900,2014-08-08 20:26:50
230,BX1,121000,2014-08-08 20:26:54
231,BX1,117300,2014-08-08 20:26:55
232,BX1,121000,2014-08-08 20:27:26
233,BX1,117300,2014-08-08 20:27:27
234,BX1,122400,2014-08-08 20:27:38
235,BX1,117900,2014-08-08 20:27:45
236,BX1,122400,2014-08-08 20:27:49
237,BX1,120900,2014-08-08 20:27:55
238,BX1,120900,2014-08-08 20:28:27
239,BX1,121000,2014-08-08 20:28:28
240,BX1,117300,2014-08-08 20:28:30
241,BX1,122400,2014-08-08 20:28:40
242,BX1,117900,2014-08-08 20:28:49
243,BX1,122400,2014-08-08 20:28:52
244,BX1,117900,2014-08-08 20:29:20
245,BX1,122400,2014-08-08 20:29:25
246,BX1,121000,2014-08-08 20:29:31
247,BX1,117300,2014-08-08 20:29:35
248,BX1,120900,2014-08-08 20:29:35
249,BX1,122400,2014-08-08 20:29:44
250,BX1,122400,2014-08-08 20:30:17
251,BX1,117900,2014-08-08 20:30:25
252,BX1,122400,2014-08-08 20:30:29
253,BX1,121000,2014-08-08 20:30:34
254,BX1,117300,2014-08-08 20:30:38
255,BX1,120900,2014-08-08 20:30:39
256,BX1,117300,2014-08-08 20:31:09
257,BX1,120900,2014-08-08 20:31:11
258,BX1,122400,2014-08-08 20:31:22
259,BX1,117900,2014-08-08 20:31:28
260,BX1,122400,2014-08-08 20:31:31
261,BX1,121000,2014-08-08 20:31:37
262,BX1,117300,2014-08-08 20:31:40
263,BX1,120900,2014-08-08 20:31:42
264,BX1,117300,2014-08-08 20:32:12
265,BX1,120900,2014-08-08 20:32:14
266,BX1,122400,2014-08-08 20:32:28
267,BX1,117900,2014-08-08 20:32:31
268,BX1,122400,2014-08-08 20:32:34
269,BX1,121000,2014-08-08 20:32:40
270,BX1,122400,2014-08-08 20:32:59
271,BX1,117900,2014-08-08 20:33:02
272,BX1,122400,2014-08-08 20:33:06
273,BX1,121000,2014-08-08 20:33:12
274,BX1,120900,2014-08-08 20:33:16
275,BX1,117300,2014-08-08 20:33:17
276,BX1,122400,2014-08-08 20:33:30
277,BX1,117900,2014-08-08 20:33:34
278,BX1,122400,2014-08-08 20:33:38
279,BX1,117900,2014-08-08 20:34:05
280,BX1,122400,2014-08-08 20:34:10
281,BX1,122400,2014-08-08 20:34:12
282,BX1,121000,2014-08-08 20:34:15
283,BX1,120900,2014-08-08 20:34:18
284,BX1,117300,2014-08-08 20:34:24
285,BX1,117900,2014-08-08 20:35:09
286,BX1,122400,2014-08-08 20:35:13
287,BX1,122400,2014-08-08 20:35:16
288,BX1,121000,2014-08-08 20:35:17
289,BX1,120900,2014-08-08 20:35:22
290,BX1,117300,2014-08-08 20:35:30
291,BX1,117300,2014-08-08 20:36:02
292,BX1,117900,2014-08-08 20:36:12
293,BX1,122400,2014-08-08 20:36:17
294,BX1,121000,2014-08-08 20:36:20
295,BX1,122400,2014-08-08 20:36:21
296,BX1,120900,2014-08-08 20:36:25
297,BX1,122400,2014-08-08 20:36:49
298,BX1,121000,2014-08-08 20:36:52
299,BX1,122400,2014-08-08 20:36:52
300,BX1,120900,2014-08-08 20:36:58
301,BX1,117300,2014-08-08 20:37:05
302,BX1,117900,2014-08-08 20:37:14
303,BX1,122400,2014-08-08 20:37:22
304,BX1,117900,2014-08-08 20:37:46
305,BX1,122400,2014-08-08 20:37:53
306,BX1,121000,2014-08-08 20:37:55
307,BX1,122400,2014-08-08 20:37:56
308,BX1,120900,2014-08-08 20:38:00
309,BX1,117300,2014-08-08 20:38:08
310,BX1,117300,2014-08-08 20:38:40
311,BX1,117900,2014-08-08 20:38:48
312,BX1,122400,2014-08-08 20:38:56
313,BX1,121000,2014-08-08 20:38:58
314,BX1,122400,2014-08-08 20:38:58
315,BX1,120900,2014-08-08 20:39:03
316,BX1,117300,2014-08-08 20:39:12
317,BX1,120900,2014-08-08 20:39:34
318,BX1,117300,2014-08-08 20:39:50
319,BX1,117900,2014-08-08 20:39:52
320,BX1,122400,2014-08-08 20:39:59
321,BX1,122400,2014-08-08 20:40:01
322,BX1,121000,2014-08-08 20:40:02
323,BX1,120900,2014-08-08 20:40:06
324,BX1,120900,2014-08-08 20:40:39
325,BX1,117300,2014-08-08 20:40:53
326,BX1,117900,2014-08-08 20:40:55
327,BX1,122400,2014-08-08 20:41:03
328,BX1,121000,2014-08-08 20:41:05
329,BX1,122400,2014-08-08 20:41:05
330,BX1,124800,2014-08-08 20:41:17
331,BX1,117300,2014-08-08 20:41:26
332,BX1,117900,2014-08-08 20:41:26
333,BX1,122400,2014-08-08 20:41:35
334,BX1,122400,2014-08-08 20:41:36
335,BX1,121000,2014-08-08 20:41:37
336,BX1,120900,2014-08-08 20:41:43
337,BX1,124800,2014-08-08 20:41:51
338,BX1,117300,2014-08-08 20:41:58
339,BX1,117900,2014-08-08 20:41:58
340,BX1,124800,2014-08-08 20:42:24
341,BX1,117300,2014-08-08 20:42:29
342,BX1,117900,2014-08-08 20:42:29
343,BX1,122400,2014-08-08 20:42:38
344,BX1,121000,2014-08-08 20:42:39
345,BX1,122400,2014-08-08 20:42:39
346,BX1,120900,2014-08-08 20:42:47
347,BX1,117300,2014-08-08 20:43:01
348,BX1,124800,2014-08-08 20:43:31
349,BX1,117900,2014-08-08 20:43:32
350,BX1,122400,2014-08-08 20:43:41
351,BX1,121000,2014-08-08 20:43:42
352,BX1,122400,2014-08-08 20:43:43
353,BX1,120900,2014-08-08 20:43:50
354,BX1,121000,2014-08-08 20:44:13
355,BX1,120900,2014-08-08 20:44:22
356,BX1,117900,2014-08-08 20:44:34
357,BX1,124800,2014-08-08 20:44:37
358,BX1,121000,2014-08-08 20:44:45
359,BX1,122400,2014-08-08 20:44:45
360,BX1,122400,2014-08-08 20:44:45
361,BX1,124800,2014-08-08 20:45:11
362,BX1,122400,2014-08-08 20:45:16
363,BX1,122400,2014-08-08 20:45:17
364,BX1,120900,2014-08-08 20:45:26
365,BX1,117900,2014-08-08 20:45:38
366,BX1,124800,2014-08-08 20:45:42
367,BX1,117900,2014-08-08 20:46:10
368,BX1,124800,2014-08-08 20:46:13
369,BX1,122400,2014-08-08 20:46:20
370,BX1,122400,2014-08-08 20:46:20
371,BX1,121000,2014-08-08 20:46:22
372,BX1,120900,2014-08-08 20:46:30
373,BX1,121000,2014-08-08 20:46:57
374,BX1,120900,2014-08-08 20:47:01
375,BX1,117900,2014-08-08 20:47:12
376,BX1,124800,2014-08-08 20:47:16
377,BX1,122400,2014-08-08 20:47:23
378,BX1,122400,2014-08-08 20:47:23
379,BX1,120900,2014-08-08 20:47:33
380,BX1,122400,2014-08-08 20:47:55
381,BX1,122400,2014-08-08 20:47:56
382,BX1,117900,2014-08-08 20:48:17
383,BX1,124800,2014-08-08 20:48:18
384,BX1,121000,2014-08-08 20:48:24
385,BX1,117900,2014-08-08 20:48:48
386,BX1,124800,2014-08-08 20:48:50
387,BX1,121000,2014-08-08 20:48:55
388,BX1,122400,2014-08-08 20:48:58
389,BX1,122400,2014-08-08 20:48:59
390,BX1,120900,2014-08-08 20:49:05
391,BX1,117900,2014-08-08 20:49:20
392,BX1,124800,2014-08-08 20:49:22
393,BX1,117900,2014-08-08 20:49:52
394,BX1,124800,2014-08-08 20:49:53
395,BX1,121000,2014-08-08 20:50:00
396,BX1,122400,2014-08-08 20:50:01
397,BX1,122400,2014-08-08 20:50:04
398,BX1,120900,2014-08-08 20:50:13
399,BX1,120900,2014-08-08 20:50:47
400,BX1,124800,2014-08-08 20:50:55
401,BX1,117900,2014-08-08 20:50:56
402,BX1,121000,2014-08-08 20:51:02
403,BX1,122400,2014-08-08 20:51:04
404,BX1,122400,2014-08-08 20:51:06
405,BX1,121000,2014-08-08 20:51:34
406,BX1,122400,2014-08-08 20:51:36
407,BX1,122400,2014-08-08 20:51:39
408,BX1,117900,2014-08-08 20:51:58
409,BX1,120900,2014-08-08 20:51:58
410,BX1,124800,2014-08-08 20:51:58
411,BX1,121000,2014-08-08 20:52:05
412,BX1,122400,2014-08-08 20:52:07
413,BX1,122400,2014-08-08 20:52:10
414,BX1,121000,2014-08-08 20:52:38
415,BX1,122400,2014-08-08 20:52:39
416,BX1,122400,2014-08-08 20:52:41
417,BX1,124800,2014-08-08 20:53:01
418,BX1,120900,2014-08-08 20:53:06
419,BX1,124800,2014-08-08 20:53:32
420,BX1,120900,2014-08-08 20:53:40
421,BX1,121000,2014-08-08 20:53:40
422,BX1,122400,2014-08-08 20:53:42
423,BX1,122400,2014-08-08 20:53:44
424,BX1,124800,2014-08-08 20:54:34
425,BX1,121000,2014-08-08 20:54:44
426,BX1,122400,2014-08-08 20:54:45
427,BX1,120900,2014-08-08 20:54:48
428,BX1,122400,2014-08-08 20:54:48
429,BX1,120900,2014-08-08 20:55:22
430,BX1,124800,2014-08-08 20:55:37
431,BX1,121000,2014-08-08 20:55:47
432,BX1,122400,2014-08-08 20:55:49
433,BX1,122400,2014-08-08 20:55:51
434,BX1,121000,2014-08-08 20:56:18
435,BX1,122400,2014-08-08 20:56:20
436,BX1,122400,2014-08-08 20:56:23
437,BX1,120900,2014-08-08 20:56:28
438,BX1,124800,2014-08-08 20:56:40
439,BX1,124800,2014-08-08 20:57:12
440,BX1,125700,2014-08-08 20:57:12
441,BX1,121000,2014-08-08 20:57:23
442,BX1,122400,2014-08-08 20:57:24
443,BX1,122400,2014-08-08 20:57:26
444,BX1,120900,2014-08-08 20:57:33
445,BX1,120900,2014-08-08 20:58:05
446,BX1,124800,2014-08-08 20:58:15
447,BX1,125700,2014-08-08 20:58:16
448,BX1,121000,2014-08-08 20:58:26
449,BX1,122400,2014-08-08 20:58:28
450,BX1,122400,2014-08-08 20:58:30
451,BX1,122400,2014-08-08 20:59:03
452,BX1,120900,2014-08-08 20:59:07
453,BX1,124800,2014-08-08 20:59:18
454,BX1,125700,2014-08-08 20:59:19
455,BX1,121000,2014-08-08 20:59:30
456,BX1,122400,2014-08-08 20:59:31
457,BX1,121000,2014-08-08 21:00:01
458,BX1,122400,2014-08-08 21:00:02
459,BX1,122400,2014-08-08 21:00:06
460,BX1,120900,2014-08-08 21:00:11
461,BX1,124800,2014-08-08 21:00:21
462,BX1,125700,2014-08-08 21:00:21
463,BX1,124800,2014-08-08 21:00:52
464,BX1,125700,2014-08-08 21:00:52
465,BX1,121000,2014-08-08 21:01:04
466,BX1,122400,2014-08-08 21:01:07
467,BX1,122400,2014-08-08 21:01:10
468,BX1,120900,2014-08-08 21:01:13
469,BX1,120900,2014-08-08 21:01:45
470,BX1,124800,2014-08-08 21:01:55
471,BX1,125700,2014-08-08 21:01:58
472,BX1,121000,2014-08-08 21:02:07
473,BX1,122400,2014-08-08 21:02:10
474,BX1,122400,2014-08-08 21:02:14
475,BX1,121000,2014-08-08 21:02:38
476,BX1,122400,2014-08-08 21:02:42
477,BX1,122400,2014-08-08 21:02:46
478,BX1,120900,2014-08-08 21:02:47
479,BX1,124800,2014-08-08 21:02:57
480,BX1,125700,2014-08-08 21:03:02
481,BX1,121000,2014-08-08 21:03:42
482,BX1,122400,2014-08-08 21:03:45
483,BX1,122400,2014-08-08 21:03:49
484,BX1,120900,2014-08-08 21:03:50
485,BX1,124800,2014-08-08 21:04:00
486,BX1,125700,2014-08-08 21:04:05
487,BX1,124800,2014-08-08 21:04:32
488,BX1,125700,2014-08-08 21:04:37
489,BX1,121000,2014-08-08 21:04:45
490,BX1,122400,2014-08-08 21:04:48
491,BX1,122400,2014-08-08 21:04:51
492,BX1,120900,2014-08-08 21:04:52
493,BX1,122400,2014-08-08 21:05:23
494,BX1,120900,2014-08-08 21:05:24
495,BX1,124800,2014-08-08 21:05:35
496,BX1,125700,2014-08-08 21:05:41
497,BX1,121000,2014-08-08 21:05:48
498,BX1,122400,2014-08-08 21:05:51
499,BX1,125700,2014-08-08 21:06:12
500,BX1,121000,2014-08-08 21:06:19
501,BX1,122400,2014-08-08 21:06:22
502,BX1,120900,2014-08-08 21:06:26
503,BX1,122400,2014-08-08 21:06:26
504,BX1,124800,2014-08-08 21:06:39
505,BX1,125700,2014-08-08 21:06:44
506,BX1,124800,2014-08-08 21:07:11
507,BX1,125700,2014-08-08 21:07:15
508,BX1,121000,2014-08-08 21:07:22
509,BX1,122400,2014-08-08 21:07:25
510,BX1,120900,2014-08-08 21:07:29
511,BX1,122400,2014-08-08 21:07:30
512,BX1,124800,2014-08-08 21:08:14
513,BX1,125700,2014-08-08 21:08:19
514,BX1,121000,2014-08-08 21:08:24
515,BX1,122400,2014-08-08 21:08:28
516,BX1,120900,2014-08-08 21:08:31
517,BX1,122400,2014-08-08 21:08:32
518,BX1,122400,2014-08-08 21:08:59
519,BX1,120900,2014-08-08 21:09:03
520,BX1,122400,2014-08-08 21:09:05
521,BX1,124800,2014-08-08 21:09:16
522,BX1,125700,2014-08-08 21:09:21
523,BX1,121000,2014-08-08 21:09:27
524,BX1,124800,2014-08-08 21:09:48
525,BX1,125700,2014-08-08 21:09:53
526,BX1,121000,2014-08-08 21:09:59
527,BX1,122400,2014-08-08 21:10:02
528,BX1,120900,2014-08-08 21:10:06
529,BX1,122400,2014-08-08 21:10:09
530,BX1,124800,2014-08-08 21:10:19
531,BX1,125700,2014-08-08 21:10:25
532,BX1,124800,2014-08-08 21:10:50
533,BX1,125700,2014-08-08 21:10:56
534,BX1,121000,2014-08-08 21:11:02
535,BX1,122400,2014-08-08 21:11:06
536,BX1,120900,2014-08-08 21:11:09
537,BX1,122400,2014-08-08 21:11:13
538,BX1,122400,2014-08-08 21:11:39
539,BX1,120900,2014-08-08 21:11:41
540,BX1,122400,2014-08-08 21:11:45
541,BX1,124800,2014-08-08 21:11:52
542,BX1,125700,2014-08-08 21:11:58
543,BX1,120700,2014-08-08 21:11:59
544,BX1,121000,2014-08-08 21:12:05
545,BX1,122400,2014-08-08 21:12:11
546,BX1,120900,2014-08-08 21:12:12
547,BX1,121000,2014-08-08 21:12:36
548,BX1,122400,2014-08-08 21:12:42
549,BX1,120900,2014-08-08 21:12:44
550,BX1,122400,2014-08-08 21:12:49
551,BX1,124800,2014-08-08 21:12:55
552,BX1,125700,2014-08-08 21:13:01
553,BX1,124800,2014-08-08 21:13:27
554,BX1,125700,2014-08-08 21:13:32
555,BX1,121000,2014-08-08 21:13:39
556,BX1,122400,2014-08-08 21:13:46
557,BX1,120900,2014-08-08 21:13:47
558,BX1,122400,2014-08-08 21:13:52
559,BX1,124800,2014-08-08 21:13:59
560,BX1,120900,2014-08-08 21:14:18
561,BX1,122400,2014-08-08 21:14:18
562,BX1,122400,2014-08-08 21:14:24
563,BX1,124800,2014-08-08 21:14:30
564,BX1,125700,2014-08-08 21:14:35
565,BX1,121000,2014-08-08 21:14:42
566,BX1,121000,2014-08-08 21:15:13
567,BX1,122400,2014-08-08 21:15:20
568,BX1,120900,2014-08-08 21:15:21
569,BX1,122400,2014-08-08 21:15:28
570,BX1,124800,2014-08-08 21:15:33
571,BX1,125700,2014-08-08 21:15:38
572,BX1,121000,2014-08-08 21:15:44
573,BX1,120900,2014-08-08 21:15:52
574,BX1,122400,2014-08-08 21:15:52
575,BX1,125700,2014-08-08 21:16:09
576,BX1,121000,2014-08-08 21:16:16
577,BX1,120900,2014-08-08 21:16:23
578,BX1,122400,2014-08-08 21:16:23
579,BX1,122400,2014-08-08 21:16:32
580,BX1,124800,2014-08-08 21:16:36
581,BX1,125700,2014-08-08 21:16:41
582,BX1,121000,2014-08-08 21:16:47
583,BX1,125700,2014-08-08 21:17:12
584,BX1,121000,2014-08-08 21:17:18
585,BX1,120900,2014-08-08 21:17:26
586,BX1,122400,2014-08-08 21:17:26
587,BX1,122400,2014-08-08 21:17:36
588,BX1,124800,2014-08-08 21:17:40
589,BX1,122400,2014-08-08 21:17:57
590,BX1,120900,2014-08-08 21:17:58
591,BX1,122400,2014-08-08 21:18:07
592,BX1,124800,2014-08-08 21:18:11
593,BX1,125700,2014-08-08 21:18:15
594,BX1,121000,2014-08-08 21:18:23
595,BX1,122400,2014-08-08 21:18:28
596,BX1,120900,2014-08-08 21:18:30
597,BX1,122400,2014-08-08 21:19:00
598,BX1,120900,2014-08-08 21:19:01
599,BX1,122400,2014-08-08 21:19:11
600,BX1,124800,2014-08-08 21:19:15
601,BX1,125700,2014-08-08 21:19:18
602,BX1,121000,2014-08-08 21:19:26
603,BX1,122400,2014-08-08 21:19:42
604,BX1,124800,2014-08-08 21:19:46
605,BX1,125700,2014-08-08 21:19:50
606,BX1,121000,2014-08-08 21:19:58
607,BX1,122400,2014-08-08 21:20:02
608,BX1,120900,2014-08-08 21:20:05
609,BX1,125700,2014-08-08 21:20:24
610,BX1,120900,2014-08-08 21:20:36
611,BX1,122400,2014-08-08 21:20:46
612,BX1,124800,2014-08-08 21:20:50
613,BX1,125700,2014-08-08 21:20:59
614,BX1,121000,2014-08-08 21:21:01
615,BX1,122400,2014-08-08 21:21:05
616,BX1,120900,2014-08-08 21:21:08
617,BX1,122400,2014-08-08 21:21:18
618,BX1,122400,2014-08-08 21:21:36
619,BX1,120900,2014-08-08 21:21:40
620,BX1,122400,2014-08-08 21:21:49
621,BX1,124800,2014-08-08 21:21:53
622,BX1,121000,2014-08-08 21:22:04
623,BX1,122400,2014-08-08 21:22:07
624,BX1,120900,2014-08-08 21:22:13
625,BX1,121000,2014-08-08 21:22:36
626,BX1,122400,2014-08-08 21:22:39
627,BX1,120900,2014-08-08 21:22:44
628,BX1,122400,2014-08-08 21:22:52
629,BX1,125700,2014-08-08 21:22:54
630,BX1,124800,2014-08-08 21:22:57
631,BX1,122400,2014-08-08 21:23:24
632,BX1,125700,2014-08-08 21:23:28
633,BX1,124800,2014-08-08 21:23:29
634,BX1,121000,2014-08-08 21:23:39
635,BX1,122400,2014-08-08 21:23:41
636,BX1,120900,2014-08-08 21:23:48
637,BX1,122400,2014-08-08 21:24:12
638,BX1,120900,2014-08-08 21:24:19
639,BX1,122400,2014-08-08 21:24:27
640,BX1,124800,2014-08-08 21:24:32
641,BX1,121000,2014-08-08 21:24:41
642,BX1,125700,2014-08-08 21:24:42
643,BX1,122400,2014-08-08 21:24:44
644,BX1,120900,2014-08-08 21:24:50
645,BX1,121000,2014-08-08 21:25:13
646,BX1,122400,2014-08-08 21:25:15
647,BX1,125700,2014-08-08 21:25:16
648,BX1,120900,2014-08-08 21:25:22
649,BX1,122400,2014-08-08 21:25:31
650,BX1,124800,2014-08-08 21:25:37
651,BX1,122400,2014-08-08 21:26:02
652,BX1,124800,2014-08-08 21:26:08
653,BX1,121000,2014-08-08 21:26:17
654,BX1,122400,2014-08-08 21:26:17
655,BX1,125700,2014-08-08 21:26:24
656,BX1,120900,2014-08-08 21:26:25
657,BX1,122400,2014-08-08 21:26:33
658,BX1,125700,2014-08-08 21:26:56
659,BX1,122400,2014-08-08 21:27:06
660,BX1,124800,2014-08-08 21:27:10
661,BX1,121000,2014-08-08 21:27:20
662,BX1,122400,2014-08-08 21:27:20
663,BX1,122400,2014-08-08 21:27:51
664,BX1,121000,2014-08-08 21:27:52
665,BX1,120900,2014-08-08 21:28:00
666,BX1,125700,2014-08-08 21:28:04
667,BX1,122400,2014-08-08 21:28:09
668,BX1,124800,2014-08-08 21:28:13
669,BX1,121000,2014-08-08 21:28:23
670,BX1,122400,2014-08-08 21:28:23
671,BX1,124800,2014-08-08 21:28:44
672,BX1,122400,2014-08-08 21:28:54
673,BX1,121000,2014-08-08 21:28:56
674,BX1,120900,2014-08-08 21:29:04
675,BX1,122400,2014-08-08 21:29:11
676,BX1,125700,2014-08-08 21:29:13
677,BX1,120900,2014-08-08 21:29:36
678,BX1,122400,2014-08-08 21:29:42
679,BX1,125700,2014-08-08 21:29:47
680,BX1,124800,2014-08-08 21:29:48
681,BX1,122400,2014-08-08 21:29:56
682,BX1,120900,2014-08-08 21:30:08
683,BX1,122400,2014-08-08 21:30:12
684,BX1,120900,2014-08-08 21:30:40
685,BX1,122400,2014-08-08 21:30:44
686,BX1,124800,2014-08-08 21:30:51
687,BX1,125700,2014-08-08 21:30:55
688,BX1,122400,2014-08-08 21:30:59
689,BX1,125700,2014-08-08 21:31:29
690,BX1,122400,2014-08-08 21:31:31
691,BX1,122400,2014-08-08 21:31:46
692,BX1,120900,2014-08-08 21:31:47
693,BX1,124800,2014-08-08 21:31:53
694,BX1,120900,2014-08-08 21:32:20
695,BX1,124800,2014-08-08 21:32:24
696,BX1,122400,2014-08-08 21:32:35
697,BX1,125700,2014-08-08 21:32:35
698,BX1,122400,2014-08-08 21:32:50
699,BX1,122400,2014-08-08 21:33:07
700,BX1,122400,2014-08-08 21:33:20
701,BX1,120900,2014-08-08 21:33:26
702,BX1,124800,2014-08-08 21:33:27
703,BX1,125700,2014-08-08 21:33:38
704,BX1,122400,2014-08-08 21:34:25
705,BX1,124800,2014-08-08 21:34:30
706,BX1,122400,2014-08-08 21:34:37
707,BX1,125700,2014-08-08 21:34:41
708,BX1,124800,2014-08-08 21:35:01
709,BX1,122400,2014-08-08 21:35:10
710,BX1,125700,2014-08-08 21:35:12
711,BX1,122400,2014-08-08 21:35:28
712,BX1,124800,2014-08-08 21:35:32
713,BX1,122400,2014-08-08 21:36:00
714,BX1,124800,2014-08-08 21:36:03
715,BX1,122400,2014-08-08 21:36:13
716,BX1,125700,2014-08-08 21:36:15
717,BX1,122400,2014-08-08 21:37:04
718,BX1,124800,2014-08-08 21:37:05
719,BX1,122400,2014-08-08 21:37:15
720,BX1,125700,2014-08-08 21:37:18
721,BX1,122400,2014-08-08 21:37:46
722,BX1,125700,2014-08-08 21:37:49
723,BX1,122400,2014-08-08 21:38:07
724,BX1,124800,2014-08-08 21:38:08
725,BX1,122400,2014-08-08 21:38:39
726,BX1,124800,2014-08-08 21:38:39
727,BX1,122400,2014-08-08 21:38:49
728,BX1,125700,2014-08-08 21:38:53
729,BX1,124800,2014-08-08 21:39:10
730,BX1,122400,2014-08-08 21:39:11
731,BX1,124800,2014-08-08 21:39:41
732,BX1,122400,2014-08-08 21:39:43
733,BX1,122400,2014-08-08 21:39:51
734,BX1,125700,2014-08-08 21:39:56
735,BX1,125700,2014-08-08 21:40:27
736,BX1,124800,2014-08-08 21:40:44
737,BX1,122400,2014-08-08 21:40:47
738,BX1,122400,2014-08-08 21:40:54
739,BX1,125700,2014-08-08 21:40:58
740,BX1,124800,2014-08-08 21:41:15
741,BX1,122400,2014-08-08 21:41:18
742,BX1,125700,2014-08-08 21:41:30
743,BX1,124800,2014-08-08 21:42:17
744,BX1,122400,2014-08-08 21:42:21
745,BX1,125700,2014-08-08 21:42:32
746,BX1,124800,2014-08-08 21:43:20
747,BX1,122400,2014-08-08 21:43:26
748,BX1,125700,2014-08-08 21:43:35
749,BX1,125700,2014-08-08 21:44:06
750,BX1,124800,2014-08-08 21:44:24
751,BX1,122400,2014-08-08 21:44:29
752,BX1,122400,2014-08-08 21:45:01
753,BX1,125700,2014-08-08 21:45:08
754,BX1,124800,2014-08-08 21:45:27
755,BX1,124800,2014-08-08 21:45:58
756,BX1,122400,2014-08-08 21:46:03
757,BX1,125700,2014-08-08 21:46:11
758,BX1,124800,2014-08-08 21:47:01
759,BX1,122400,2014-08-08 21:47:07
760,BX1,125700,2014-08-08 21:47:14
761,BX1,122400,2014-08-08 21:47:39
762,BX1,125700,2014-08-08 21:47:45
763,BX1,124800,2014-08-08 21:48:04
764,BX1,122400,2014-08-08 21:48:11
765,BX1,124800,2014-08-08 21:48:36
766,BX1,122400,2014-08-08 21:48:43
767,BX1,125700,2014-08-08 21:48:49
768,BX1,124800,2014-08-08 21:49:41
769,BX1,122400,2014-08-08 21:49:46
770,BX1,125700,2014-08-08 21:49:52
771,BX1,122400,2014-08-08 21:50:18
772,BX1,125700,2014-08-08 21:50:24
773,BX1,124800,2014-08-08 21:50:44
774,BX1,124800,2014-08-08 21:51:15
775,BX1,130900,2014-08-08 21:51:23
776,BX1,125700,2014-08-08 21:51:27
777,BX1,124800,2014-08-08 21:52:18
778,BX1,130900,2014-08-08 21:52:24
779,BX1,125700,2014-08-08 21:52:29
780,BX1,124800,2014-08-08 21:52:50
781,BX1,130900,2014-08-08 21:52:55
782,BX1,125700,2014-08-08 21:53:01
783,BX1,124800,2014-08-08 21:53:22
784,BX1,124800,2014-08-08 21:53:54
785,BX1,125700,2014-08-08 21:54:04
786,BX1,125700,2014-08-08 21:54:35
787,BX1,124800,2014-08-08 21:54:56
788,BX1,124800,2014-08-08 21:55:27
789,BX1,125700,2014-08-08 21:55:39
790,BX1,124800,2014-08-08 21:55:59
791,BX1,124800,2014-08-08 21:56:30
792,BX1,125700,2014-08-08 21:56:44
793,BX1,125700,2014-08-08 21:57:15
794,BX1,124800,2014-08-08 21:57:33
795,BX1,125700,2014-08-08 21:57:47
796,BX1,125700,2014-08-08 21:58:18
797,BX1,124800,2014-08-08 21:58:35
798,BX1,125700,2014-08-08 21:58:49
799,BX1,124800,2014-08-08 21:59:09
800,BX1,124800,2014-08-08 22:00:12
801,BX1,127000,2014-08-08 22:01:16
802,BX1,127000,2014-08-08 22:01:47
803,BX1,127000,2014-08-08 22:02:51
804,BX1,127000,2014-08-08 22:03:54
805,BX1,127000,2014-08-08 22:04:25
806,BX1,127000,2014-08-08 22:05:29
807,BX1,127000,2014-08-08 22:06:01
808,BX1,127000,2014-08-08 22:07:08
809,BX1,127000,2014-08-08 22:08:14
810,BX1,127000,2014-08-08 22:08:48
811,BX1,127000,2014-08-08 22:09:54
812,BX1,127000,2014-08-08 22:10:28
813,BX1,127000,2014-08-08 22:12:08
814,BX1,127000,2014-08-08 22:15:54
815,BX1,133400,2014-08-08 22:16:27
816,BX1,133400,2014-08-08 22:17:29
817,BX1,133400,2014-08-08 22:18:32
818,BX1,133400,2014-08-08 22:19:04
819,BX1,133400,2014-08-08 22:20:06
820,BX1,133400,2014-08-08 22:20:38
821,BX1,133400,2014-08-08 22:21:09
822,BX1,133400,2014-08-08 22:21:40
823,BX1,133400,2014-08-08 22:22:11
824,BX1,133400,2014-08-08 22:22:42
825,BX1,133400,2014-08-08 22:23:45
826,BX1,133400,2014-08-08 22:24:17
827,BX1,133400,2014-08-08 22:25:19
828,BX1,133400,2014-08-08 22:25:51
829,BX1,133400,2014-08-08 22:26:53
830,BX1,133400,2014-08-08 22:27:56
831,BX1,133400,2014-08-08 22:28:27
832,BX1,133400,2014-08-08 22:29:30
833,BX1,133400,2014-08-08 22:30:37
834,BX1,133400,2014-08-08 22:31:08
835,BX1,133400,2014-08-08 22:31:48
836,BX1,133400,2014-08-08 22:32:51
837,BX1,133400,2014-08-08 22:33:54
838,BX1,133400,2014-08-08 22:34:25
839,BX1,133400,2014-08-08 22:35:30
840,BX1,133400,2014-08-08 22:36:01
841,BX1,133400,2014-08-08 22:36:33
842,BX1,133400,2014-08-08 22:37:04
843,BX1,133400,2014-08-08 22:38:08
844,BX1,133400,2014-08-08 22:38:39
845,BX1,133400,2014-08-08 22:39:11
846,BX1,133400,2014-08-08 22:39:43
847,BX1,133400,2014-08-08 22:40:14
848,BX1,133400,2014-08-08 22:40:46
849,BX1,133400,2014-08-08 22:41:49
850,BX1,133400,2014-08-08 22:42:20
851,BX1,133400,2014-08-08 22:43:23
852,BX1,133400,2014-08-08 22:44:26
853,BX1,133400,2014-08-08 22:44:58
854,BX1,133400,2014-08-08 22:46:01
855,BX1,133400,2014-08-08 22:46:33
856,BX1,133400,2014-08-08 22:47:35
857,BX1,133400,2014-08-08 22:48:38
858,BX1,133400,2014-08-08 22:49:09
859,BX1,133400,2014-08-08 22:50:12
860,BX1,133400,2014-08-08 22:51:14
861,BX1,133400,2014-08-08 22:51:46
862,BX1,133400,2014-08-08 22:52:48
863,BX1,133400,2014-08-08 22:53:19
864,BX1,133400,2014-08-08 22:54:22
865,BX1,133400,2014-08-08 22:54:53
866,BX1,133400,2014-08-08 22:55:57
867,BX1,133400,2014-08-08 22:57:02
868,BX1,133400,2014-08-08 22:57:34
869,BX1,133400,2014-08-08 22:58:37
870,BX1,133400,2014-08-08 22:59:08
871,BX1,133400,2014-08-08 23:00:12
872,BX1,133400,2014-08-08 23:01:15
873,BX1,133400,2014-08-08 23:01:47
874,BX1,133400,2014-08-08 23:02:49
875,BX1,133400,2014-08-08 23:03:52
876,BX1,133400,2014-08-08 23:04:24
877,BX1,134200,2014-08-08 23:04:39
878,BX1,134200,2014-08-08 23:05:11
879,BX1,133400,2014-08-08 23:05:27
880,BX1,133400,2014-08-08 23:05:58
881,BX1,134200,2014-08-08 23:06:15
882,BX1,134200,2014-08-08 23:06:46
883,BX1,133400,2014-08-08 23:07:01
884,BX1,133400,2014-08-08 23:08:04
885,BX1,133400,2014-08-08 23:08:36
886,BX1,133400,2014-08-08 23:09:38
887,BX1,133400,2014-08-08 23:10:09
888,BX1,133400,2014-08-08 23:11:11
889,BX1,133400,2014-08-08 23:11:42
890,BX1,133400,2014-08-08 23:12:13
891,BX1,141400,2014-08-08 23:29:02
892,BX1,141400,2014-08-08 23:29:34
893,BX1,141400,2014-08-08 23:30:40
894,BX1,141400,2014-08-08 23:31:13
895,BX1,141400,2014-08-08 23:32:20
896,BX1,141400,2014-08-08 23:32:53
897,BX1,141400,2014-08-08 23:33:59
898,BX1,141400,2014-08-08 23:34:33
899,BX1,141400,2014-08-08 23:35:39
900,BX1,141400,2014-08-08 23:36:13
901,BX1,141400,2014-08-08 23:37:17
902,BX1,141400,2014-08-08 23:37:48
903,BX1,141400,2014-08-08 23:38:51
904,BX1,141400,2014-08-08 23:39:22
905,BX1,141400,2014-08-08 23:40:25
906,BX1,141400,2014-08-08 23:40:57
907,BX1,141400,2014-08-08 23:42:01
908,BX1,141400,2014-08-08 23:42:31
909,BX1,141400,2014-08-08 23:43:36
910,BX1,141400,2014-08-08 23:44:07
911,BX1,141400,2014-08-08 23:45:09
912,BX1,141400,2014-08-08 23:45:41
913,BX1,141400,2014-08-08 23:46:12
914,BX1,141400,2014-08-08 23:46:44
915,BX1,141400,2014-08-08 23:47:15
916,BX1,141400,2014-08-08 23:48:18
917,BX1,141400,2014-08-08 23:48:49
918,BX1,141400,2014-08-08 23:49:51
919,BX1,141400,2014-08-08 23:50:23
920,BX1,141400,2014-08-08 23:51:26
921,BX1,141400,2014-08-08 23:51:58
922,BX1,141400,2014-08-08 23:53:00
923,BX1,141400,2014-08-08 23:53:31
924,BX1,141400,2014-08-08 23:54:03
925,BX1,141400,2014-08-08 23:55:06
926,BX1,141400,2014-08-08 23:55:38
927,BX1,141400,2014-08-08 23:56:41
928,BX1,141400,2014-08-08 23:57:14
929,BX1,141400,2014-08-08 23:58:17
930,BX1,141400,2014-08-08 23:58:48
931,BX1,141400,2014-08-08 23:59:52
932,BX1,141400,2014-08-09 00:00:23
933,BX1,141400,2014-08-09 00:01:25
934,BX1,141400,2014-08-09 00:01:56
935,BX1,141400,2014-08-09 00:02:58
936,BX1,141400,2014-08-09 00:03:30
937,BX1,141400,2014-08-09 00:04:32
938,BX1,141400,2014-08-09 00:05:03
939,BX1,141400,2014-08-09 00:06:06
940,BX1,141400,2014-08-09 00:06:37
941,BX1,141400,2014-08-09 00:07:40
942,BX1,141400,2014-08-09 00:08:11
943,BX1,141400,2014-08-09 00:09:13
944,BX1,141400,2014-08-09 00:09:44
945,BX1,141400,2014-08-09 00:10:47
946,BX1,141400,2014-08-09 00:11:18
947,BX1,141400,2014-08-09 00:12:21
948,BX1,141400,2014-08-09 00:12:52
949,BX1,141400,2014-08-09 00:13:54
950,BX1,141400,2014-08-09 00:14:25
951,BX1,141400,2014-08-09 00:14:57
952,BX1,141400,2014-08-09 00:15:59
953,BX1,141400,2014-08-09 00:16:32
954,BX1,141400,2014-08-09 00:17:34
955,BX1,141400,2014-08-09 00:18:05
956,BX1,141400,2014-08-09 00:19:09
957,BX1,141400,2014-08-09 00:19:40
958,BX1,141400,2014-08-09 00:20:43
959,BX1,141400,2014-08-09 00:21:15
960,BX1,141400,2014-08-09 00:22:17
961,BX1,141400,2014-08-09 00:22:48
962,BX1,141400,2014-08-09 00:23:21
963,BX1,141400,2014-08-09 00:23:52
964,BX1,141400,2014-08-09 00:24:57
965,BX1,141400,2014-08-09 00:25:28
966,BX1,141400,2014-08-09 00:26:32
967,BX1,141400,2014-08-09 00:27:05
968,BX1,141400,2014-08-09 00:27:37
969,BX1,141400,2014-08-09 00:28:08
970,BX1,141400,2014-08-09 00:29:12
971,BX1,141400,2014-08-09 00:29:43
972,BX1,141400,2014-08-09 00:30:14
973,BX1,141400,2014-08-09 00:31:17
974,BX1,141400,2014-08-09 00:31:33
975,BX1,141400,2014-08-09 00:31:49
976,BX1,141400,2014-08-09 00:32:20
977,BX1,141400,2014-08-09 00:32:37
978,BX1,141400,2014-08-09 00:33:22
979,BX1,141400,2014-08-09 00:33:54
980,BX1,141400,2014-08-09 00:34:57
981,BX1,141400,2014-08-09 00:35:28
982,BX1,141400,2014-08-09 00:36:00
983,BX1,141400,2014-08-09 00:37:02
984,BX1,141400,2014-08-09 00:37:34
985,BX1,141400,2014-08-09 00:38:36
986,BX1,141400,2014-08-09 00:39:39
987,BX1,141400,2014-08-09 00:40:10
988,BX1,141400,2014-08-09 00:40:43
989,BX1,141400,2014-08-09 00:41:49
990,BX1,141400,2014-08-09 00:42:22
991,BX1,141400,2014-08-09 00:42:55
992,BX1,141400,2014-08-09 00:44:02
993,BX1,141400,2014-08-09 00:44:35
994,BX1,141400,2014-08-09 00:45:09
995,BX1,141400,2014-08-09 00:46:15
996,BX1,141400,2014-08-09 00:46:48
997,BX1,141400,2014-08-09 00:47:55
998,BX1,141400,2014-08-09 00:48:29
999,BX1,141400,2014-08-09 00:49:02
1000,BX1,148600,2014-08-09 00:50:05
1001,BX1,148600,2014-08-09 00:50:37
1002,BX1,148600,2014-08-09 00:51:08
1003,BX1,148600,2014-08-09 00:52:10
1004,BX1,148600,2014-08-09 00:52:41
1005,BX1,148600,2014-08-09 00:53:12
1006,BX1,148600,2014-08-09 00:54:16
1007,BX1,148600,2014-08-09 00:54:48
1008,BX1,148600,2014-08-09 00:55:21
1009,BX1,148600,2014-08-09 00:55:53
1010,BX1,148600,2014-08-09 00:56:25
1011,BX1,148600,2014-08-09 00:57:28
1012,BX1,148600,2014-08-09 00:58:00
1013,BX1,148600,2014-08-09 00:58:31
1014,BX1,148600,2014-08-09 00:59:34
1015,BX1,148600,2014-08-09 01:00:06
1016,BX1,148600,2014-08-09 01:00:37
1017,BX1,148600,2014-08-09 01:01:41
1018,BX1,148600,2014-08-09 01:02:12
1019,BX1,148600,2014-08-09 01:02:44
1020,BX1,148600,2014-08-09 01:03:15
1021,BX1,148600,2014-08-09 01:04:18
1022,BX1,148600,2014-08-09 01:04:49
1023,BX1,148600,2014-08-09 01:05:21
1024,BX1,148600,2014-08-09 01:06:23
1025,BX1,148600,2014-08-09 01:06:55
1026,BX1,148600,2014-08-09 01:07:58
1027,BX1,148600,2014-08-09 01:08:29
1028,BX1,148600,2014-08-09 01:09:00
1029,BX1,148600,2014-08-09 01:09:32
1030,BX1,148600,2014-08-09 01:10:35
1031,BX1,148600,2014-08-09 01:11:06
1032,BX1,148600,2014-08-09 01:11:38
1033,BX1,148600,2014-08-09 01:12:10
1034,BX1,148600,2014-08-09 01:13:13
1035,BX1,148600,2014-08-09 01:13:44
1036,BX1,148600,2014-08-09 01:14:15
1037,BX1,148600,2014-08-09 01:14:46
1038,BX1,148600,2014-08-09 01:15:48
1039,BX1,148600,2014-08-09 01:16:19
1040,BX1,148600,2014-08-09 01:16:50
1041,BX1,148600,2014-08-09 01:17:53
1042,BX1,148600,2014-08-09 01:18:24
1043,BX1,148600,2014-08-09 01:19:27
1044,BX1,148600,2014-08-09 01:19:58
1045,BX1,148600,2014-08-09 01:20:30
1046,BX1,148600,2014-08-09 01:21:33
1047,BX1,148600,2014-08-09 01:22:04
1048,BX1,148600,2014-08-09 01:23:07
1049,BX1,148600,2014-08-09 01:23:39
1050,BX1,148600,2014-08-09 01:24:10
1051,BX1,148600,2014-08-09 01:25:13
1052,BX1,148600,2014-08-09 01:25:44
1053,BX1,148600,2014-08-09 01:26:16
1054,BX1,148600,2014-08-09 01:26:47
1055,BX1,148600,2014-08-09 01:27:19
1056,BX1,148600,2014-08-09 01:27:50
1057,BX1,148600,2014-08-09 01:28:22
1058,BX1,148600,2014-08-09 01:29:25
1059,BX1,148600,2014-08-09 01:29:57
1060,BX1,148600,2014-08-09 01:30:28
1061,BX1,148600,2014-08-09 01:31:00
1062,BX1,148600,2014-08-09 01:31:31
1063,BX1,148600,2014-08-09 01:32:02
1064,BX1,148600,2014-08-09 01:32:34
1065,BX1,148600,2014-08-09 01:33:36
1066,BX1,148600,2014-08-09 01:34:07
1067,BX1,148600,2014-08-09 01:34:38
1068,BX1,148600,2014-08-09 01:35:10
1069,BX1,148600,2014-08-09 01:35:41
1070,BX1,148600,2014-08-09 01:36:13
1071,BX1,148600,2014-08-09 01:36:45
1072,BX1,148600,2014-08-09 01:37:51
1073,BX1,148600,2014-08-09 01:38:23
1074,BX1,148600,2014-08-09 01:38:54
1075,BX1,148600,2014-08-09 01:39:26
1076,BX1,148600,2014-08-09 01:39:57
1077,BX1,148600,2014-08-09 01:41:50
1078,BX1,148600,2014-08-09 01:42:52
1079,BX1,032500,2014-08-09 05:26:30
1080,BX1,032500,2014-08-09 05:27:01
1081,BX1,032500,2014-08-09 05:27:32
1082,BX1,032500,2014-08-09 05:28:04
1083,BX1,032500,2014-08-09 05:28:35
1084,BX1,032500,2014-08-09 05:29:07
1085,BX1,032500,2014-08-09 05:29:39
1086,BX1,032500,2014-08-09 05:30:42
1087,BX1,032500,2014-08-09 05:31:14
1088,BX1,032500,2014-08-09 05:31:45
1089,BX1,032500,2014-08-09 05:32:16
1090,BX1,032500,2014-08-09 05:32:49
1091,BX1,032500,2014-08-09 05:33:51
1092,BX1,032500,2014-08-09 05:34:22
1093,BX1,032500,2014-08-09 05:34:53
1094,BX1,032500,2014-08-09 05:35:56
1095,BX1,032500,2014-08-09 05:36:28
1096,BX1,032500,2014-08-09 05:36:59
1097,BX1,032500,2014-08-09 05:37:30
1098,BX1,032500,2014-08-09 05:38:34
1099,BX1,032500,2014-08-09 05:39:05
1100,BX1,032500,2014-08-09 05:39:36
1101,BX1,032500,2014-08-09 05:40:38
1102,BX1,032500,2014-08-09 05:41:09
1103,BX1,032500,2014-08-09 05:41:41
1104,BX1,032500,2014-08-09 05:42:12
1105,BX1,032500,2014-08-09 05:42:44
1106,BX1,032500,2014-08-09 05:43:15
1107,BX1,032500,2014-08-09 05:43:47
1108,BX1,032500,2014-08-09 05:44:18
1109,BX1,032500,2014-08-09 05:45:22
1110,BX1,032500,2014-08-09 05:45:53
1111,BX1,032500,2014-08-09 05:46:24
1112,BX1,032500,2014-08-09 05:46:58
1113,BX1,035000,2014-08-09 05:47:20
1114,BX1,032500,2014-08-09 05:47:29
1115,BX1,035000,2014-08-09 05:47:52
1116,BX1,035000,2014-08-09 05:48:24
1117,BX1,032500,2014-08-09 05:48:33
1118,BX1,032500,2014-08-09 05:49:04
1119,BX1,035000,2014-08-09 05:49:27
1120,BX1,035000,2014-08-09 05:49:58
1121,BX1,032500,2014-08-09 05:50:08
1122,BX1,035000,2014-08-09 05:50:30
1123,BX1,032500,2014-08-09 05:50:39
1124,BX1,035000,2014-08-09 05:51:33
1125,BX1,032500,2014-08-09 05:51:43
1126,BX1,035000,2014-08-09 05:52:05
1127,BX1,032500,2014-08-09 05:52:15
1128,BX1,032500,2014-08-09 05:52:46
1129,BX1,035000,2014-08-09 05:53:07
1130,BX1,035000,2014-08-09 05:53:38
1131,BX1,032500,2014-08-09 05:53:49
1132,BX1,032500,2014-08-09 05:54:20
1133,BX1,035000,2014-08-09 05:54:41
1134,BX1,035000,2014-08-09 05:55:13
1135,BX1,032500,2014-08-09 05:55:22
1136,BX1,032500,2014-08-09 05:55:53
1137,BX1,035000,2014-08-09 05:56:18
1138,BX1,035000,2014-08-09 05:56:49
1139,BX1,032500,2014-08-09 05:56:58
1140,BX1,035000,2014-08-09 05:57:20
1141,BX1,032500,2014-08-09 05:57:29
1142,BX1,035000,2014-08-09 05:57:52
1143,BX1,032500,2014-08-09 05:58:01
1144,BX1,035000,2014-08-09 05:58:23
1145,BX1,032500,2014-08-09 05:58:32
1146,BX1,035000,2014-08-09 05:58:54
1147,BX1,035000,2014-08-09 05:59:26
1148,BX1,032500,2014-08-09 05:59:35
1149,BX1,035000,2014-08-09 05:59:57
1150,BX1,032500,2014-08-09 06:00:07
1151,BX1,035000,2014-08-09 06:00:29
1152,BX1,032500,2014-08-09 06:00:39
1153,BX1,032500,2014-08-09 06:01:10
1154,BX1,035000,2014-08-09 06:01:32
1155,BX1,035000,2014-08-09 06:02:03
1156,BX1,032500,2014-08-09 06:02:13
1157,BX1,035000,2014-08-09 06:02:34
1158,BX1,032500,2014-08-09 06:02:44
1159,BX1,032500,2014-08-09 06:03:16
1160,BX1,035000,2014-08-09 06:03:38
1161,BX1,035000,2014-08-09 06:04:09
1162,BX1,032500,2014-08-09 06:04:18
1163,BX1,035000,2014-08-09 06:04:41
1164,BX1,032500,2014-08-09 06:04:49
1165,BX1,032500,2014-08-09 06:05:21
1166,BX1,035000,2014-08-09 06:05:44
1167,BX1,035000,2014-08-09 06:06:15
1168,BX1,032500,2014-08-09 06:06:23
1169,BX1,032500,2014-08-09 06:06:54
1170,BX1,035000,2014-08-09 06:07:18
1171,BX1,035000,2014-08-09 06:07:49
1172,BX1,032500,2014-08-09 06:07:58
1173,BX1,032500,2014-08-09 06:08:29
1174,BX1,035000,2014-08-09 06:08:52
1175,BX1,035000,2014-08-09 06:09:23
1176,BX1,032500,2014-08-09 06:09:31
1177,BX1,032500,2014-08-09 06:10:02
1178,BX1,035000,2014-08-09 06:10:26
1179,BX1,035000,2014-08-09 06:10:58
1180,BX1,032500,2014-08-09 06:11:05
1181,BX1,032500,2014-08-09 06:11:36
1182,BX1,035000,2014-08-09 06:12:01
1183,BX1,035000,2014-08-09 06:12:33
1184,BX1,032500,2014-08-09 06:12:40
1185,BX1,035000,2014-08-09 06:13:04
1186,BX1,032500,2014-08-09 06:13:11
1187,BX1,035000,2014-08-09 06:14:08
1188,BX1,032500,2014-08-09 06:14:13
1189,BX1,035000,2014-08-09 06:14:39
1190,BX1,032500,2014-08-09 06:14:44
1191,BX1,035000,2014-08-09 06:15:10
1192,BX1,037400,2014-08-09 06:15:11
1193,BX1,032500,2014-08-09 06:15:16
1194,BX1,032500,2014-08-09 06:15:47
1195,BX1,035000,2014-08-09 06:16:13
1196,BX1,037400,2014-08-09 06:16:14
1197,BX1,035000,2014-08-09 06:16:45
1198,BX1,037400,2014-08-09 06:16:45
1199,BX1,032500,2014-08-09 06:16:51
1200,BX1,035000,2014-08-09 06:17:16
1201,BX1,037400,2014-08-09 06:17:16
1202,BX1,032500,2014-08-09 06:17:22
1203,BX1,037400,2014-08-09 06:17:47
1204,BX1,035000,2014-08-09 06:17:48
1205,BX1,032500,2014-08-09 06:17:53
1206,BX1,037400,2014-08-09 06:18:50
1207,BX1,035000,2014-08-09 06:18:51
1208,BX1,032500,2014-08-09 06:18:56
1209,BX1,037400,2014-08-09 06:19:22
1210,BX1,035000,2014-08-09 06:19:23
1211,BX1,032500,2014-08-09 06:19:27
1212,BX1,037400,2014-08-09 06:19:53
1213,BX1,035000,2014-08-09 06:19:54
1214,BX1,032500,2014-08-09 06:19:59
1215,BX1,035000,2014-08-09 06:20:56
1216,BX1,037400,2014-08-09 06:20:56
1217,BX1,032500,2014-08-09 06:21:02
1218,BX1,035000,2014-08-09 06:21:27
1219,BX1,037400,2014-08-09 06:21:27
1220,BX1,032500,2014-08-09 06:21:34
1221,BX1,032500,2014-08-09 06:22:05
1222,BX1,035000,2014-08-09 06:22:29
1223,BX1,037400,2014-08-09 06:22:30
1224,BX1,035000,2014-08-09 06:23:00
1225,BX1,037400,2014-08-09 06:23:01
1226,BX1,032500,2014-08-09 06:23:09
1227,BX1,032500,2014-08-09 06:23:40
1228,BX1,035000,2014-08-09 06:24:03
1229,BX1,037400,2014-08-09 06:24:04
1230,BX1,035000,2014-08-09 06:24:35
1231,BX1,037400,2014-08-09 06:24:35
1232,BX1,032500,2014-08-09 06:24:43
1233,BX1,038300,2014-08-09 06:25:14
1234,BX1,035000,2014-08-09 06:25:37
1235,BX1,037400,2014-08-09 06:25:38
1236,BX1,035000,2014-08-09 06:26:09
1237,BX1,037400,2014-08-09 06:26:09
1238,BX1,038300,2014-08-09 06:26:17
1239,BX1,035000,2014-08-09 06:26:40
1240,BX1,037400,2014-08-09 06:26:41
1241,BX1,038300,2014-08-09 06:26:48
1242,BX1,035000,2014-08-09 06:27:43
1243,BX1,037400,2014-08-09 06:27:44
1244,BX1,038300,2014-08-09 06:27:50
1245,BX1,035000,2014-08-09 06:28:14
1246,BX1,037400,2014-08-09 06:28:15
1247,BX1,038300,2014-08-09 06:28:21
1248,BX1,035000,2014-08-09 06:28:46
1249,BX1,037400,2014-08-09 06:28:47
1250,BX1,038300,2014-08-09 06:28:52
1251,BX1,038300,2014-08-09 06:29:23
1252,BX1,035000,2014-08-09 06:29:49
1253,BX1,037400,2014-08-09 06:29:50
1254,BX1,035000,2014-08-09 06:30:20
1255,BX1,037400,2014-08-09 06:30:22
1256,BX1,038300,2014-08-09 06:30:27
1257,BX1,035000,2014-08-09 06:31:22
1258,BX1,037400,2014-08-09 06:31:25
1259,BX1,038300,2014-08-09 06:31:30
1260,BX1,035000,2014-08-09 06:31:53
1261,BX1,037400,2014-08-09 06:31:56
1262,BX1,038300,2014-08-09 06:32:01
1263,BX1,035000,2014-08-09 06:32:24
1264,BX1,037400,2014-08-09 06:32:28
1265,BX1,038300,2014-08-09 06:32:32
1266,BX1,035000,2014-08-09 06:33:27
1267,BX1,037400,2014-08-09 06:33:31
1268,BX1,038300,2014-08-09 06:33:34
1269,BX1,035000,2014-08-09 06:33:58
1270,BX1,037400,2014-08-09 06:34:02
1271,BX1,038300,2014-08-09 06:34:05
1272,BX1,037400,2014-08-09 06:35:05
1273,BX1,038300,2014-08-09 06:35:07
1274,BX1,035000,2014-08-09 06:35:10
1275,BX1,037400,2014-08-09 06:35:36
1276,BX1,038300,2014-08-09 06:35:38
1277,BX1,035000,2014-08-09 06:35:42
1278,BX1,035000,2014-08-09 06:36:14
1279,BX1,037400,2014-08-09 06:36:38
1280,BX1,038300,2014-08-09 06:36:41
1281,BX1,037400,2014-08-09 06:37:09
1282,BX1,038300,2014-08-09 06:37:12
1283,BX1,035000,2014-08-09 06:37:16
1284,BX1,035000,2014-08-09 06:37:47
1285,BX1,037400,2014-08-09 06:38:12
1286,BX1,038300,2014-08-09 06:38:14
1287,BX1,037400,2014-08-09 06:38:43
1288,BX1,038300,2014-08-09 06:38:45
1289,BX1,035000,2014-08-09 06:38:50
1290,BX1,037400,2014-08-09 06:39:14
1291,BX1,038300,2014-08-09 06:39:16
1292,BX1,035000,2014-08-09 06:39:21
1293,BX1,037400,2014-08-09 06:40:16
1294,BX1,038300,2014-08-09 06:40:19
1295,BX1,035000,2014-08-09 06:40:24
1296,BX1,037400,2014-08-09 06:40:47
1297,BX1,038300,2014-08-09 06:40:50
1298,BX1,035000,2014-08-09 06:40:55
1299,BX1,039700,2014-08-09 06:41:25
1300,BX1,035000,2014-08-09 06:41:26
1301,BX1,037400,2014-08-09 06:41:50
1302,BX1,038300,2014-08-09 06:41:53
1303,BX1,037400,2014-08-09 06:42:22
1304,BX1,038300,2014-08-09 06:42:24
1305,BX1,039700,2014-08-09 06:42:28
1306,BX1,035000,2014-08-09 06:42:30
1307,BX1,037400,2014-08-09 06:43:25
1308,BX1,038300,2014-08-09 06:43:26
1309,BX1,039700,2014-08-09 06:43:31
1310,BX1,035000,2014-08-09 06:43:33
1311,BX1,037400,2014-08-09 06:43:56
1312,BX1,038300,2014-08-09 06:43:58
1313,BX1,039700,2014-08-09 06:44:03
1314,BX1,035000,2014-08-09 06:44:05
1315,BX1,037400,2014-08-09 06:44:59
1316,BX1,038300,2014-08-09 06:45:01
1317,BX1,039700,2014-08-09 06:45:06
1318,BX1,035000,2014-08-09 06:45:07
1319,BX1,037400,2014-08-09 06:45:30
1320,BX1,038300,2014-08-09 06:45:32
1321,BX1,039700,2014-08-09 06:45:37
1322,BX1,035000,2014-08-09 06:45:38
1323,BX1,038300,2014-08-09 06:46:18
1324,BX1,037400,2014-08-09 06:46:33
1325,BX1,039700,2014-08-09 06:46:40
1326,BX1,035000,2014-08-09 06:46:41
1327,BX1,037400,2014-08-09 06:47:04
1328,BX1,039700,2014-08-09 06:47:11
1329,BX1,041300,2014-08-09 06:47:12
1330,BX1,038300,2014-08-09 06:47:21
1331,BX1,038300,2014-08-09 06:47:52
1332,BX1,037400,2014-08-09 06:48:07
1333,BX1,039700,2014-08-09 06:48:13
1334,BX1,041300,2014-08-09 06:48:16
1335,BX1,037400,2014-08-09 06:48:38
1336,BX1,039700,2014-08-09 06:48:47
1337,BX1,041300,2014-08-09 06:48:48
1338,BX1,038300,2014-08-09 06:48:55
1339,BX1,038300,2014-08-09 06:49:28
1340,BX1,037400,2014-08-09 06:49:40
1341,BX1,039700,2014-08-09 06:49:50
1342,BX1,041300,2014-08-09 06:49:52
1343,BX1,038300,2014-08-09 06:50:01
1344,BX1,037400,2014-08-09 06:50:11
1345,BX1,039700,2014-08-09 06:50:21
1346,BX1,041300,2014-08-09 06:50:24
1347,BX1,037400,2014-08-09 06:51:13
1348,BX1,038300,2014-08-09 06:51:23
1349,BX1,039700,2014-08-09 06:51:23
1350,BX1,041300,2014-08-09 06:51:28
1351,BX1,037400,2014-08-09 06:51:45
1352,BX1,039700,2014-08-09 06:51:55
1353,BX1,038300,2014-08-09 06:51:57
1354,BX1,041300,2014-08-09 06:52:01
1355,BX1,037400,2014-08-09 06:52:16
1356,BX1,037400,2014-08-09 06:52:47
1357,BX1,039700,2014-08-09 06:52:57
1358,BX1,038300,2014-08-09 06:53:02
1359,BX1,041300,2014-08-09 06:53:06
1360,BX1,039700,2014-08-09 06:53:28
1361,BX1,038300,2014-08-09 06:53:34
1362,BX1,041300,2014-08-09 06:53:37
1363,BX1,037400,2014-08-09 06:53:50
1364,BX1,037400,2014-08-09 06:54:21
1365,BX1,039700,2014-08-09 06:54:30
1366,BX1,038300,2014-08-09 06:54:36
1367,BX1,041300,2014-08-09 06:54:41
1368,BX1,038300,2014-08-09 06:55:07
1369,BX1,041300,2014-08-09 06:55:12
1370,BX1,037400,2014-08-09 06:55:26
1371,BX1,039700,2014-08-09 06:55:32
1372,BX1,037400,2014-08-09 06:55:58
1373,BX1,039700,2014-08-09 06:56:03
1374,BX1,038300,2014-08-09 06:56:10
1375,BX1,041300,2014-08-09 06:56:15
1376,BX1,038300,2014-08-09 06:56:41
1377,BX1,041300,2014-08-09 06:56:47
1378,BX1,037400,2014-08-09 06:57:01
1379,BX1,039700,2014-08-09 06:57:07
1380,BX1,037400,2014-08-09 06:57:33
1381,BX1,039700,2014-08-09 06:57:39
1382,BX1,038300,2014-08-09 06:57:44
1383,BX1,041300,2014-08-09 06:57:49
1384,BX1,038300,2014-08-09 06:58:16
1385,BX1,041300,2014-08-09 06:58:21
1386,BX1,037400,2014-08-09 06:58:36
1387,BX1,039700,2014-08-09 06:58:42
1388,BX1,037400,2014-08-09 06:59:08
1389,BX1,039700,2014-08-09 06:59:13
1390,BX1,038300,2014-08-09 06:59:18
1391,BX1,041900,2014-08-09 06:59:18
1392,BX1,041300,2014-08-09 06:59:24
1393,BX1,041300,2014-08-09 06:59:56
1394,BX1,037400,2014-08-09 07:00:10
1395,BX1,039700,2014-08-09 07:00:16
1396,BX1,041900,2014-08-09 07:00:20
1397,BX1,038300,2014-08-09 07:00:21
1398,BX1,037400,2014-08-09 07:00:42
1399,BX1,039700,2014-08-09 07:00:47
1400,BX1,038300,2014-08-09 07:00:52
1401,BX1,041900,2014-08-09 07:00:52
1402,BX1,041300,2014-08-09 07:00:59
1403,BX1,041300,2014-08-09 07:01:30
1404,BX1,037400,2014-08-09 07:01:46
1405,BX1,039700,2014-08-09 07:01:50
1406,BX1,038300,2014-08-09 07:01:55
1407,BX1,041900,2014-08-09 07:01:55
1408,BX1,041300,2014-08-09 07:02:02
1409,BX1,038300,2014-08-09 07:02:26
1410,BX1,041900,2014-08-09 07:02:27
1411,BX1,041300,2014-08-09 07:02:33
1412,BX1,037400,2014-08-09 07:02:51
1413,BX1,039700,2014-08-09 07:02:53
1414,BX1,041300,2014-08-09 07:03:04
1415,BX1,037400,2014-08-09 07:03:22
1416,BX1,039700,2014-08-09 07:03:24
1417,BX1,038300,2014-08-09 07:03:30
1418,BX1,041900,2014-08-09 07:03:30
1419,BX1,041300,2014-08-09 07:03:35
1420,BX1,041300,2014-08-09 07:04:07
1421,BX1,037400,2014-08-09 07:04:26
1422,BX1,039700,2014-08-09 07:04:27
1423,BX1,038300,2014-08-09 07:04:32
1424,BX1,041900,2014-08-09 07:04:32
1425,BX1,037400,2014-08-09 07:04:57
1426,BX1,039700,2014-08-09 07:04:58
1427,BX1,038300,2014-08-09 07:05:03
1428,BX1,041900,2014-08-09 07:05:03
1429,BX1,041300,2014-08-09 07:05:15
1430,BX1,037400,2014-08-09 07:05:28
1431,BX1,041300,2014-08-09 07:05:46
1432,BX1,037400,2014-08-09 07:05:59
1433,BX1,039700,2014-08-09 07:06:02
1434,BX1,038300,2014-08-09 07:06:05
1435,BX1,041900,2014-08-09 07:06:05
1436,BX1,039700,2014-08-09 07:06:34
1437,BX1,038300,2014-08-09 07:06:36
1438,BX1,041900,2014-08-09 07:06:37
1439,BX1,037400,2014-08-09 07:06:41
1440,BX1,041300,2014-08-09 07:06:49
1441,BX1,044300,2014-08-09 07:07:13
1442,BX1,041300,2014-08-09 07:07:21
1443,BX1,039700,2014-08-09 07:07:36
1444,BX1,038300,2014-08-09 07:07:39
1445,BX1,041900,2014-08-09 07:07:39
1446,BX1,039700,2014-08-09 07:08:08
1447,BX1,038300,2014-08-09 07:08:10
1448,BX1,041900,2014-08-09 07:08:10
1449,BX1,044300,2014-08-09 07:08:17
1450,BX1,041300,2014-08-09 07:08:31
1451,BX1,039700,2014-08-09 07:08:40
1452,BX1,041300,2014-08-09 07:09:02
1453,BX1,039700,2014-08-09 07:09:11
1454,BX1,038300,2014-08-09 07:09:13
1455,BX1,041900,2014-08-09 07:09:13
1456,BX1,044300,2014-08-09 07:09:20
1457,BX1,044300,2014-08-09 07:09:51
1458,BX1,041300,2014-08-09 07:10:04
1459,BX1,039700,2014-08-09 07:10:15
1460,BX1,038300,2014-08-09 07:10:16
1461,BX1,041900,2014-08-09 07:10:17
1462,BX1,039700,2014-08-09 07:10:47
1463,BX1,038300,2014-08-09 07:10:48
1464,BX1,041900,2014-08-09 07:10:49
1465,BX1,044300,2014-08-09 07:10:55
1466,BX1,041300,2014-08-09 07:11:06
1467,BX1,044300,2014-08-09 07:11:26
1468,BX1,041300,2014-08-09 07:11:38
1469,BX1,039700,2014-08-09 07:11:49
1470,BX1,038300,2014-08-09 07:11:51
1471,BX1,041900,2014-08-09 07:11:51
1472,BX1,039700,2014-08-09 07:12:20
1473,BX1,038300,2014-08-09 07:12:22
1474,BX1,041900,2014-08-09 07:12:22
1475,BX1,044300,2014-08-09 07:12:29
1476,BX1,041300,2014-08-09 07:12:41
1477,BX1,044300,2014-08-09 07:13:00
1478,BX1,041300,2014-08-09 07:13:13
1479,BX1,039700,2014-08-09 07:13:23
1480,BX1,038300,2014-08-09 07:13:24
1481,BX1,041900,2014-08-09 07:13:28
1482,BX1,038300,2014-08-09 07:13:55
1483,BX1,039700,2014-08-09 07:13:55
1484,BX1,041900,2014-08-09 07:13:59
1485,BX1,044300,2014-08-09 07:14:05
1486,BX1,041300,2014-08-09 07:14:15
1487,BX1,044300,2014-08-09 07:14:37
1488,BX1,041300,2014-08-09 07:14:48
1489,BX1,038300,2014-08-09 07:14:57
1490,BX1,039700,2014-08-09 07:14:58
1491,BX1,041900,2014-08-09 07:15:01
1492,BX1,041900,2014-08-09 07:15:32
1493,BX1,044300,2014-08-09 07:15:44
1494,BX1,041300,2014-08-09 07:15:51
1495,BX1,038300,2014-08-09 07:16:01
1496,BX1,039700,2014-08-09 07:16:01
1497,BX1,044300,2014-08-09 07:16:17
1498,BX1,041300,2014-08-09 07:16:23
1499,BX1,038300,2014-08-09 07:16:33
1500,BX1,039700,2014-08-09 07:16:33
1501,BX1,041900,2014-08-09 07:16:35
1502,BX1,039700,2014-08-09 07:17:04
1503,BX1,038300,2014-08-09 07:17:05
1504,BX1,041900,2014-08-09 07:17:06
1505,BX1,044300,2014-08-09 07:17:24
1506,BX1,041300,2014-08-09 07:17:26
1507,BX1,041300,2014-08-09 07:17:57
1508,BX1,044300,2014-08-09 07:17:57
1509,BX1,039700,2014-08-09 07:18:07
1510,BX1,038300,2014-08-09 07:18:08
1511,BX1,041900,2014-08-09 07:18:09
1512,BX1,039700,2014-08-09 07:18:39
1513,BX1,041900,2014-08-09 07:18:40
1514,BX1,041300,2014-08-09 07:18:59
1515,BX1,044300,2014-08-09 07:19:04
1516,BX1,041300,2014-08-09 07:19:30
1517,BX1,044300,2014-08-09 07:19:37
1518,BX1,039700,2014-08-09 07:19:42
1519,BX1,041900,2014-08-09 07:19:43
1520,BX1,041300,2014-08-09 07:20:01
1521,BX1,041300,2014-08-09 07:20:32
1522,BX1,039700,2014-08-09 07:20:45
1523,BX1,041900,2014-08-09 07:20:45
1524,BX1,044300,2014-08-09 07:20:45
1525,BX1,039700,2014-08-09 07:21:16
1526,BX1,041900,2014-08-09 07:21:16
1527,BX1,044300,2014-08-09 07:21:18
1528,BX1,041300,2014-08-09 07:21:36
1529,BX1,041900,2014-08-09 07:21:47
1530,BX1,041300,2014-08-09 07:22:07
1531,BX1,041900,2014-08-09 07:22:19
1532,BX1,039700,2014-08-09 07:22:20
1533,BX1,045900,2014-08-09 07:22:24
1534,BX1,044300,2014-08-09 07:22:25
1535,BX1,041300,2014-08-09 07:23:10
1536,BX1,041900,2014-08-09 07:23:22
1537,BX1,039700,2014-08-09 07:23:23
1538,BX1,045900,2014-08-09 07:23:27
1539,BX1,044300,2014-08-09 07:23:29
1540,BX1,041900,2014-08-09 07:23:54
1541,BX1,039700,2014-08-09 07:23:55
1542,BX1,045900,2014-08-09 07:23:59
1543,BX1,044300,2014-08-09 07:24:00
1544,BX1,041300,2014-08-09 07:24:12
1545,BX1,041300,2014-08-09 07:24:45
1546,BX1,041900,2014-08-09 07:24:56
1547,BX1,039700,2014-08-09 07:24:58
1548,BX1,044300,2014-08-09 07:25:03
1549,BX1,045900,2014-08-09 07:25:04
1550,BX1,041900,2014-08-09 07:25:28
1551,BX1,039700,2014-08-09 07:25:29
1552,BX1,044300,2014-08-09 07:25:34
1553,BX1,045900,2014-08-09 07:25:36
1554,BX1,041300,2014-08-09 07:25:48
1555,BX1,041900,2014-08-09 07:25:59
1556,BX1,039700,2014-08-09 07:26:01
1557,BX1,041900,2014-08-09 07:26:31
1558,BX1,039700,2014-08-09 07:26:32
1559,BX1,044300,2014-08-09 07:26:36
1560,BX1,045900,2014-08-09 07:26:39
1561,BX1,041300,2014-08-09 07:26:50
1562,BX1,045900,2014-08-09 07:27:12
1563,BX1,041300,2014-08-09 07:27:22
1564,BX1,041900,2014-08-09 07:27:33
1565,BX1,039700,2014-08-09 07:27:36
1566,BX1,044300,2014-08-09 07:27:39
1567,BX1,041900,2014-08-09 07:28:05
1568,BX1,039700,2014-08-09 07:28:07
1569,BX1,044300,2014-08-09 07:28:10
1570,BX1,045900,2014-08-09 07:28:19
1571,BX1,041300,2014-08-09 07:28:25
1572,BX1,041900,2014-08-09 07:29:08
1573,BX1,039700,2014-08-09 07:29:10
1574,BX1,044300,2014-08-09 07:29:13
1575,BX1,045900,2014-08-09 07:29:26
1576,BX1,041300,2014-08-09 07:29:27
1577,BX1,044300,2014-08-09 07:29:46
1578,BX1,041300,2014-08-09 07:29:59
1579,BX1,045900,2014-08-09 07:29:59
1580,BX1,041900,2014-08-09 07:30:11
1581,BX1,039700,2014-08-09 07:30:13
1582,BX1,045900,2014-08-09 07:30:32
1583,BX1,041900,2014-08-09 07:30:42
1584,BX1,039700,2014-08-09 07:30:45
1585,BX1,044300,2014-08-09 07:30:49
1586,BX1,041300,2014-08-09 07:31:01
1587,BX1,041300,2014-08-09 07:31:33
1588,BX1,045900,2014-08-09 07:31:39
1589,BX1,041900,2014-08-09 07:31:44
1590,BX1,039700,2014-08-09 07:31:50
1591,BX1,044300,2014-08-09 07:31:51
1592,BX1,039700,2014-08-09 07:32:21
1593,BX1,044300,2014-08-09 07:32:22
1594,BX1,041300,2014-08-09 07:32:36
1595,BX1,045900,2014-08-09 07:32:46
1596,BX1,041900,2014-08-09 07:32:47
1597,BX1,041900,2014-08-09 07:33:19
1598,BX1,045900,2014-08-09 07:33:20
1599,BX1,039700,2014-08-09 07:33:24
1600,BX1,044300,2014-08-09 07:33:25
1601,BX1,041300,2014-08-09 07:33:39
1602,BX1,041300,2014-08-09 07:34:11
1603,BX1,041900,2014-08-09 07:34:22
1604,BX1,045900,2014-08-09 07:34:25
1605,BX1,039700,2014-08-09 07:34:27
1606,BX1,044300,2014-08-09 07:34:28
1607,BX1,041900,2014-08-09 07:34:53
1608,BX1,045900,2014-08-09 07:34:57
1609,BX1,039700,2014-08-09 07:34:58
1610,BX1,044300,2014-08-09 07:34:59
1611,BX1,041300,2014-08-09 07:35:13
1612,BX1,041300,2014-08-09 07:35:44
1613,BX1,041900,2014-08-09 07:35:56
1614,BX1,045900,2014-08-09 07:35:59
1615,BX1,039700,2014-08-09 07:36:00
1616,BX1,044300,2014-08-09 07:36:03
1617,BX1,044300,2014-08-09 07:36:34
1618,BX1,041300,2014-08-09 07:36:48
1619,BX1,041900,2014-08-09 07:37:00
1620,BX1,039700,2014-08-09 07:37:03
1621,BX1,045900,2014-08-09 07:37:03
1622,BX1,041900,2014-08-09 07:37:31
1623,BX1,039700,2014-08-09 07:37:34
1624,BX1,045900,2014-08-09 07:37:34
1625,BX1,044300,2014-08-09 07:37:37
1626,BX1,041300,2014-08-09 07:37:51
1627,BX1,041300,2014-08-09 07:38:22
1628,BX1,041900,2014-08-09 07:38:34
1629,BX1,039700,2014-08-09 07:38:37
1630,BX1,045900,2014-08-09 07:38:37
1631,BX1,044300,2014-08-09 07:38:40
1632,BX1,044300,2014-08-09 07:39:11
1633,BX1,041300,2014-08-09 07:39:26
1634,BX1,041900,2014-08-09 07:39:36
1635,BX1,039700,2014-08-09 07:39:40
1636,BX1,045900,2014-08-09 07:39:40
1637,BX1,041900,2014-08-09 07:40:07
1638,BX1,045900,2014-08-09 07:40:11
1639,BX1,039700,2014-08-09 07:40:12
1640,BX1,044300,2014-08-09 07:40:13
1641,BX1,041300,2014-08-09 07:40:29
1642,BX1,041300,2014-08-09 07:41:00
1643,BX1,041900,2014-08-09 07:41:10
1644,BX1,045900,2014-08-09 07:41:14
1645,BX1,044300,2014-08-09 07:41:15
1646,BX1,039700,2014-08-09 07:41:19
1647,BX1,044300,2014-08-09 07:41:47
1648,BX1,039700,2014-08-09 07:41:52
1649,BX1,041300,2014-08-09 07:42:04
1650,BX1,041900,2014-08-09 07:42:12
1651,BX1,045900,2014-08-09 07:42:17
1652,BX1,041300,2014-08-09 07:42:35
1653,BX1,041900,2014-08-09 07:42:44
1654,BX1,045900,2014-08-09 07:42:48
1655,BX1,044300,2014-08-09 07:42:51
1656,BX1,039700,2014-08-09 07:42:59
1657,BX1,039700,2014-08-09 07:43:32
1658,BX1,041300,2014-08-09 07:43:38
1659,BX1,041900,2014-08-09 07:43:47
1660,BX1,045900,2014-08-09 07:43:51
1661,BX1,044300,2014-08-09 07:43:54
1662,BX1,044300,2014-08-09 07:44:25
1663,BX1,047000,2014-08-09 07:44:37
1664,BX1,041300,2014-08-09 07:44:41
1665,BX1,041900,2014-08-09 07:44:49
1666,BX1,045900,2014-08-09 07:44:54
1667,BX1,041300,2014-08-09 07:45:13
1668,BX1,041900,2014-08-09 07:45:20
1669,BX1,045900,2014-08-09 07:45:25
1670,BX1,044300,2014-08-09 07:45:28
1671,BX1,047000,2014-08-09 07:45:39
1672,BX1,041300,2014-08-09 07:45:44
1673,BX1,039700,2014-08-09 07:46:11
1674,BX1,041300,2014-08-09 07:46:15
1675,BX1,041900,2014-08-09 07:46:22
1676,BX1,045900,2014-08-09 07:46:29
1677,BX1,044300,2014-08-09 07:46:31
1678,BX1,044300,2014-08-09 07:47:02
1679,BX1,047000,2014-08-09 07:47:13
1680,BX1,041300,2014-08-09 07:47:18
1681,BX1,041900,2014-08-09 07:47:24
1682,BX1,045900,2014-08-09 07:47:31
1683,BX1,041300,2014-08-09 07:47:50
1684,BX1,041900,2014-08-09 07:47:55
1685,BX1,045900,2014-08-09 07:48:02
1686,BX1,044300,2014-08-09 07:48:05
1687,BX1,047000,2014-08-09 07:48:16
1688,BX1,044300,2014-08-09 07:48:37
1689,BX1,039700,2014-08-09 07:48:48
1690,BX1,041300,2014-08-09 07:48:53
1691,BX1,041900,2014-08-09 07:48:58
1692,BX1,045900,2014-08-09 07:49:04
1693,BX1,041300,2014-08-09 07:49:25
1694,BX1,041900,2014-08-09 07:49:29
1695,BX1,045900,2014-08-09 07:49:36
1696,BX1,044300,2014-08-09 07:49:39
1697,BX1,047000,2014-08-09 07:49:50
1698,BX1,041300,2014-08-09 07:49:56
1699,BX1,041900,2014-08-09 07:50:01
1700,BX1,041300,2014-08-09 07:50:28
1701,BX1,041900,2014-08-09 07:50:32
1702,BX1,045900,2014-08-09 07:50:40
1703,BX1,044300,2014-08-09 07:50:42
1704,BX1,047000,2014-08-09 07:50:53
1705,BX1,045900,2014-08-09 07:51:12
1706,BX1,044300,2014-08-09 07:51:13
1707,BX1,047000,2014-08-09 07:51:24
1708,BX1,041300,2014-08-09 07:51:30
1709,BX1,041900,2014-08-09 07:51:36
1710,BX1,044300,2014-08-09 07:51:44
1711,BX1,045900,2014-08-09 07:51:45
1712,BX1,041300,2014-08-09 07:52:01
1713,BX1,044300,2014-08-09 07:52:15
1714,BX1,045900,2014-08-09 07:52:17
1715,BX1,047000,2014-08-09 07:52:27
1716,BX1,041900,2014-08-09 07:52:39
1717,BX1,041900,2014-08-09 07:53:10
1718,BX1,041300,2014-08-09 07:53:15
1719,BX1,044300,2014-08-09 07:53:18
1720,BX1,045900,2014-08-09 07:53:20
1721,BX1,047000,2014-08-09 07:53:30
1722,BX1,047000,2014-08-09 07:54:01
1723,BX1,041900,2014-08-09 07:54:12
1724,BX1,041300,2014-08-09 07:54:17
1725,BX1,044300,2014-08-09 07:54:22
1726,BX1,045900,2014-08-09 07:54:23
1727,BX1,044300,2014-08-09 07:54:54
1728,BX1,045900,2014-08-09 07:54:54
1729,BX1,047000,2014-08-09 07:55:03
1730,BX1,041900,2014-08-09 07:55:15
1731,BX1,041300,2014-08-09 07:55:19
1732,BX1,041300,2014-08-09 07:55:51
1733,BX1,044300,2014-08-09 07:55:56
1734,BX1,045900,2014-08-09 07:55:56
1735,BX1,047000,2014-08-09 07:56:06
1736,BX1,041300,2014-08-09 07:56:22
1737,BX1,045900,2014-08-09 07:56:27
1738,BX1,044300,2014-08-09 07:56:28
1739,BX1,047000,2014-08-09 07:56:37
1740,BX1,041300,2014-08-09 07:56:54
1741,BX1,045900,2014-08-09 07:56:59
1742,BX1,044300,2014-08-09 07:57:00
1743,BX1,041300,2014-08-09 07:57:26
1744,BX1,041900,2014-08-09 07:57:27
1745,BX1,045900,2014-08-09 07:57:30
1746,BX1,044300,2014-08-09 07:57:31
1747,BX1,047000,2014-08-09 07:57:43
1748,BX1,047000,2014-08-09 07:58:15
1749,BX1,044300,2014-08-09 07:58:33
1750,BX1,045900,2014-08-09 07:58:33
1751,BX1,041900,2014-08-09 07:58:34
1752,BX1,045900,2014-08-09 07:59:04
1753,BX1,044300,2014-08-09 07:59:05
1754,BX1,041900,2014-08-09 07:59:07
1755,BX1,047000,2014-08-09 07:59:17
1756,BX1,044300,2014-08-09 07:59:36
1757,BX1,045900,2014-08-09 07:59:36
1758,BX1,044300,2014-08-09 08:00:07
1759,BX1,045900,2014-08-09 08:00:07
1760,BX1,041900,2014-08-09 08:00:14
1761,BX1,047000,2014-08-09 08:00:21
1762,BX1,041900,2014-08-09 08:00:47
1763,BX1,047000,2014-08-09 08:00:52
1764,BX1,044300,2014-08-09 08:01:10
1765,BX1,045900,2014-08-09 08:01:10
1766,BX1,041900,2014-08-09 08:01:21
1767,BX1,047000,2014-08-09 08:01:24
1768,BX1,041900,2014-08-09 08:01:54
1769,BX1,047000,2014-08-09 08:01:55
1770,BX1,047900,2014-08-09 08:02:11
1771,BX1,044300,2014-08-09 08:02:13
1772,BX1,045900,2014-08-09 08:02:13
1773,BX1,047900,2014-08-09 08:02:43
1774,BX1,044300,2014-08-09 08:02:44
1775,BX1,045900,2014-08-09 08:02:44
1776,BX1,047000,2014-08-09 08:02:58
1777,BX1,041900,2014-08-09 08:03:01
1778,BX1,041900,2014-08-09 08:03:34
1779,BX1,044300,2014-08-09 08:03:47
1780,BX1,045900,2014-08-09 08:03:47
1781,BX1,047900,2014-08-09 08:03:47
1782,BX1,047000,2014-08-09 08:04:01
1783,BX1,047000,2014-08-09 08:04:33
1784,BX1,041900,2014-08-09 08:04:41
1785,BX1,044300,2014-08-09 08:04:49
1786,BX1,047900,2014-08-09 08:04:49
1787,BX1,045900,2014-08-09 08:04:51
1788,BX1,047000,2014-08-09 08:05:36
1789,BX1,041900,2014-08-09 08:05:47
1790,BX1,047900,2014-08-09 08:05:52
1791,BX1,044300,2014-08-09 08:05:53
1792,BX1,045900,2014-08-09 08:05:54
1793,BX1,044300,2014-08-09 08:06:24
1794,BX1,045900,2014-08-09 08:06:26
1795,BX1,047000,2014-08-09 08:06:39
1796,BX1,041900,2014-08-09 08:06:54
1797,BX1,047900,2014-08-09 08:06:55
1798,BX1,047000,2014-08-09 08:07:11
1799,BX1,044300,2014-08-09 08:07:26
1800,BX1,047900,2014-08-09 08:07:26
1801,BX1,041900,2014-08-09 08:07:27
1802,BX1,045900,2014-08-09 08:07:29
1803,BX1,044300,2014-08-09 08:07:57
1804,BX1,045900,2014-08-09 08:08:00
1805,BX1,041900,2014-08-09 08:08:01
1806,BX1,047000,2014-08-09 08:08:14
1807,BX1,044300,2014-08-09 08:08:29
1808,BX1,047900,2014-08-09 08:08:29
1809,BX1,045900,2014-08-09 08:08:31
1810,BX1,041900,2014-08-09 08:08:34
1811,BX1,047900,2014-08-09 08:09:00
1812,BX1,044300,2014-08-09 08:09:01
1813,BX1,045900,2014-08-09 08:09:03
1814,BX1,041900,2014-08-09 08:09:07
1815,BX1,047000,2014-08-09 08:09:17
1816,BX1,047000,2014-08-09 08:09:49
1817,BX1,047900,2014-08-09 08:10:03
1818,BX1,044300,2014-08-09 08:10:06
1819,BX1,045900,2014-08-09 08:10:07
1820,BX1,041900,2014-08-09 08:10:14
1821,BX1,047000,2014-08-09 08:10:20
1822,BX1,044300,2014-08-09 08:10:37
1823,BX1,041900,2014-08-09 08:10:47
1824,BX1,047000,2014-08-09 08:10:52
1825,BX1,047900,2014-08-09 08:11:05
1826,BX1,045900,2014-08-09 08:11:11
1827,BX1,047900,2014-08-09 08:11:36
1828,BX1,044300,2014-08-09 08:11:42
1829,BX1,045900,2014-08-09 08:11:42
1830,BX1,047000,2014-08-09 08:11:54
1831,BX1,041900,2014-08-09 08:11:55
1832,BX1,047900,2014-08-09 08:12:08
1833,BX1,045900,2014-08-09 08:12:14
1834,BX1,047900,2014-08-09 08:12:40
1835,BX1,044300,2014-08-09 08:12:45
1836,BX1,045900,2014-08-09 08:12:45
1837,BX1,047000,2014-08-09 08:12:58
1838,BX1,041900,2014-08-09 08:13:00
1839,BX1,047000,2014-08-09 08:13:30
1840,BX1,041900,2014-08-09 08:13:32
1841,BX1,047900,2014-08-09 08:13:42
1842,BX1,044300,2014-08-09 08:13:47
1843,BX1,045900,2014-08-09 08:13:48
1844,BX1,044300,2014-08-09 08:14:18
1845,BX1,047000,2014-08-09 08:14:33
1846,BX1,041900,2014-08-09 08:14:34
1847,BX1,047900,2014-08-09 08:14:45
1848,BX1,045900,2014-08-09 08:14:50
1849,BX1,047900,2014-08-09 08:15:17
1850,BX1,044300,2014-08-09 08:15:21
1851,BX1,045900,2014-08-09 08:15:21
1852,BX1,047000,2014-08-09 08:15:35
1853,BX1,049400,2014-08-09 08:15:36
1854,BX1,047000,2014-08-09 08:16:07
1855,BX1,049400,2014-08-09 08:16:08
1856,BX1,047900,2014-08-09 08:16:21
1857,BX1,044300,2014-08-09 08:16:23
1858,BX1,045900,2014-08-09 08:16:24
1859,BX1,047000,2014-08-09 08:17:10
1860,BX1,049400,2014-08-09 08:17:11
1861,BX1,047900,2014-08-09 08:17:25
1862,BX1,044300,2014-08-09 08:17:26
1863,BX1,045900,2014-08-09 08:17:26
1864,BX1,047900,2014-08-09 08:17:56
1865,BX1,044300,2014-08-09 08:17:57
1866,BX1,045900,2014-08-09 08:17:58
1867,BX1,049400,2014-08-09 08:18:13
1868,BX1,047000,2014-08-09 08:18:15
1869,BX1,047900,2014-08-09 08:18:59
1870,BX1,045900,2014-08-09 08:19:00
1871,BX1,051800,2014-08-09 08:19:01
1872,BX1,049800,2014-08-09 08:19:06
1873,BX1,049400,2014-08-09 08:19:16
1874,BX1,047000,2014-08-09 08:19:18
1875,BX1,049400,2014-08-09 08:19:47
1876,BX1,047000,2014-08-09 08:19:50
1877,BX1,047900,2014-08-09 08:20:02
1878,BX1,045900,2014-08-09 08:20:03
1879,BX1,049800,2014-08-09 08:20:09
1880,BX1,049800,2014-08-09 08:20:40
1881,BX1,049400,2014-08-09 08:20:49
1882,BX1,047000,2014-08-09 08:20:53
1883,BX1,047900,2014-08-09 08:21:05
1884,BX1,045900,2014-08-09 08:21:06
1885,BX1,047900,2014-08-09 08:21:36
1886,BX1,045900,2014-08-09 08:21:38
1887,BX1,049800,2014-08-09 08:21:43
1888,BX1,049400,2014-08-09 08:21:52
1889,BX1,047000,2014-08-09 08:21:56
1890,BX1,047000,2014-08-09 08:22:28
1891,BX1,047900,2014-08-09 08:22:39
1892,BX1,045900,2014-08-09 08:22:40
1893,BX1,051800,2014-08-09 08:22:41
1894,BX1,049800,2014-08-09 08:22:45
1895,BX1,049400,2014-08-09 08:22:55
1896,BX1,051800,2014-08-09 08:23:13
1897,BX1,049800,2014-08-09 08:23:17
1898,BX1,049400,2014-08-09 08:23:27
1899,BX1,047000,2014-08-09 08:23:30
1900,BX1,047900,2014-08-09 08:23:43
1901,BX1,045900,2014-08-09 08:23:44
1902,BX1,047000,2014-08-09 08:24:01
1903,BX1,047900,2014-08-09 08:24:14
1904,BX1,045900,2014-08-09 08:24:15
1905,BX1,051800,2014-08-09 08:24:17
1906,BX1,049800,2014-08-09 08:24:20
1907,BX1,049400,2014-08-09 08:24:29
1908,BX1,047000,2014-08-09 08:24:33
1909,BX1,047000,2014-08-09 08:25:05
1910,BX1,045900,2014-08-09 08:25:17
1911,BX1,047900,2014-08-09 08:25:18
1912,BX1,049800,2014-08-09 08:25:22
1913,BX1,051800,2014-08-09 08:25:23
1914,BX1,049400,2014-08-09 08:25:32
1915,BX1,045900,2014-08-09 08:25:48
1916,BX1,047900,2014-08-09 08:25:50
1917,BX1,049800,2014-08-09 08:25:54
1918,BX1,051800,2014-08-09 08:25:56
1919,BX1,049400,2014-08-09 08:26:03
1920,BX1,047000,2014-08-09 08:26:07
1921,BX1,045900,2014-08-09 08:26:20
1922,BX1,047900,2014-08-09 08:26:21
1923,BX1,049800,2014-08-09 08:26:25
1924,BX1,045900,2014-08-09 08:26:51
1925,BX1,047900,2014-08-09 08:26:52
1926,BX1,049800,2014-08-09 08:26:56
1927,BX1,051800,2014-08-09 08:27:03
1928,BX1,049400,2014-08-09 08:27:05
1929,BX1,047000,2014-08-09 08:27:10
1930,BX1,049400,2014-08-09 08:27:36
1931,BX1,051800,2014-08-09 08:27:36
1932,BX1,047000,2014-08-09 08:27:42
1933,BX1,045900,2014-08-09 08:27:53
1934,BX1,047900,2014-08-09 08:27:55
1935,BX1,049800,2014-08-09 08:27:59
1936,BX1,049400,2014-08-09 08:28:07
1937,BX1,051800,2014-08-09 08:28:09
1938,BX1,047000,2014-08-09 08:28:13
1939,BX1,049400,2014-08-09 08:28:38
1940,BX1,051800,2014-08-09 08:28:43
1941,BX1,047000,2014-08-09 08:28:45
1942,BX1,045900,2014-08-09 08:28:56
1943,BX1,047900,2014-08-09 08:28:58
1944,BX1,049800,2014-08-09 08:29:03
1945,BX1,049400,2014-08-09 08:29:40
1946,BX1,047000,2014-08-09 08:29:48
1947,BX1,051800,2014-08-09 08:29:49
1948,BX1,045900,2014-08-09 08:29:58
1949,BX1,047900,2014-08-09 08:30:02
1950,BX1,049800,2014-08-09 08:30:06
1951,BX1,047900,2014-08-09 08:30:33
1952,BX1,049800,2014-08-09 08:30:37
1953,BX1,049400,2014-08-09 08:30:43
1954,BX1,047000,2014-08-09 08:30:51
1955,BX1,051800,2014-08-09 08:30:56
1956,BX1,045900,2014-08-09 08:31:00
1957,BX1,051800,2014-08-09 08:31:29
1958,BX1,045900,2014-08-09 08:31:31
1959,BX1,047900,2014-08-09 08:31:36
1960,BX1,049800,2014-08-09 08:31:39
1961,BX1,049400,2014-08-09 08:31:47
1962,BX1,047000,2014-08-09 08:31:54
1963,BX1,049400,2014-08-09 08:32:18
1964,BX1,047000,2014-08-09 08:32:26
1965,BX1,045900,2014-08-09 08:32:33
1966,BX1,051800,2014-08-09 08:32:37
1967,BX1,047900,2014-08-09 08:32:40
1968,BX1,049800,2014-08-09 08:32:42
1969,BX1,051800,2014-08-09 08:33:10
1970,BX1,049800,2014-08-09 08:33:13
1971,BX1,047000,2014-08-09 08:33:29
1972,BX1,049400,2014-08-09 08:33:30
1973,BX1,045900,2014-08-09 08:33:40
1974,BX1,047900,2014-08-09 08:33:43
1975,BX1,051800,2014-08-09 08:33:43
1976,BX1,049800,2014-08-09 08:33:44
1977,BX1,045900,2014-08-09 08:34:11
1978,BX1,047900,2014-08-09 08:34:14
1979,BX1,051800,2014-08-09 08:34:16
1980,BX1,049800,2014-08-09 08:34:17
1981,BX1,047000,2014-08-09 08:34:32
1982,BX1,049400,2014-08-09 08:34:32
1983,BX1,047000,2014-08-09 08:35:03
1984,BX1,049400,2014-08-09 08:35:04
1985,BX1,045900,2014-08-09 08:35:13
1986,BX1,047900,2014-08-09 08:35:17
1987,BX1,049800,2014-08-09 08:35:19
1988,BX1,051800,2014-08-09 08:35:22
1989,BX1,051800,2014-08-09 08:35:56
1990,BX1,047000,2014-08-09 08:36:06
1991,BX1,049400,2014-08-09 08:36:06
1992,BX1,045900,2014-08-09 08:36:16
1993,BX1,047900,2014-08-09 08:36:21
1994,BX1,049800,2014-08-09 08:36:21
1995,BX1,047900,2014-08-09 08:36:52
1996,BX1,049800,2014-08-09 08:36:52
1997,BX1,051800,2014-08-09 08:37:03
1998,BX1,047000,2014-08-09 08:37:09
1999,BX1,049400,2014-08-09 08:37:09
