,Home team,starttime,endtime,startwindow_start,startwindow_end,endwindow_start,endwindow_end
0,NYN,2014-03-31 13:10:00,2014-03-31 16:06:00,2014-03-31 11:40:00,2014-03-31 13:40:00,2014-03-31 15:36:00,2014-03-31 17:36:00
1,NYN,2014-04-02 19:10:00,2014-04-02 22:06:00,2014-04-02 17:40:00,2014-04-02 19:40:00,2014-04-02 21:36:00,2014-04-02 23:36:00
2,NYN,2014-04-03 13:10:00,2014-04-03 16:06:00,2014-04-03 11:40:00,2014-04-03 13:40:00,2014-04-03 15:36:00,2014-04-03 17:36:00
3,NYN,2014-04-04 19:10:00,2014-04-04 22:06:00,2014-04-04 17:40:00,2014-04-04 19:40:00,2014-04-04 21:36:00,2014-04-04 23:36:00
4,NYN,2014-04-05 16:05:00,2014-04-05 19:01:00,2014-04-05 14:35:00,2014-04-05 16:35:00,2014-04-05 18:31:00,2014-04-05 20:31:00
5,NYN,2014-04-06 13:10:00,2014-04-06 16:06:00,2014-04-06 11:40:00,2014-04-06 13:40:00,2014-04-06 15:36:00,2014-04-06 17:36:00
6,NYA,2014-04-07 13:05:00,2014-04-07 16:01:00,2014-04-07 11:35:00,2014-04-07 13:35:00,2014-04-07 15:31:00,2014-04-07 17:31:00
7,NYA,2014-04-08 13:05:00,2014-04-08 16:01:00,2014-04-08 11:35:00,2014-04-08 13:35:00,2014-04-08 15:31:00,2014-04-08 17:31:00
8,NYA,2014-04-09 19:05:00,2014-04-09 22:01:00,2014-04-09 17:35:00,2014-04-09 19:35:00,2014-04-09 21:31:00,2014-04-09 23:31:00
9,NYA,2014-04-10 19:05:00,2014-04-10 22:01:00,2014-04-10 17:35:00,2014-04-10 19:35:00,2014-04-10 21:31:00,2014-04-10 23:31:00
10,NYA,2014-04-11 19:05:00,2014-04-11 22:01:00,2014-04-11 17:35:00,2014-04-11 19:35:00,2014-04-11 21:31:00,2014-04-11 23:31:00
11,NYA,2014-04-12 13:05:00,2014-04-12 16:01:00,2014-04-12 11:35:00,2014-04-12 13:35:00,2014-04-12 15:31:00,2014-04-12 17:31:00
12,NYA,2014-04-13 19:05:00,2014-04-13 22:01:00,2014-04-13 17:35:00,2014-04-13 19:35:00,2014-04-13 21:31:00,2014-04-13 23:31:00
13,NYA,2014-04-16 19:05:00,2014-04-16 22:01:00,2014-04-16 17:35:00,2014-04-16 19:35:00,2014-04-16 21:31:00,2014-04-16 23:31:00
14,NYN,2014-04-18 19:10:00,2014-04-18 22:06:00,2014-04-18 17:40:00,2014-04-18 19:40:00,2014-04-18 21:36:00,2014-04-18 23:36:00
15,NYN,2014-04-19 19:10:00,2014-04-19 22:06:00,2014-04-19 17:40:00,2014-04-19 19:40:00,2014-04-19 21:36:00,2014-04-19 23:36:00
16,NYN,2014-04-20 13:10:00,2014-04-20 16:06:00,2014-04-20 11:40:00,2014-04-20 13:40:00,2014-04-20 15:36:00,2014-04-20 17:36:00
17,NYN,2014-04-21 19:10:00,2014-04-21 22:06:00,2014-04-21 17:40:00,2014-04-21 19:40:00,2014-04-21 21:36:00,2014-04-21 23:36:00
18,NYN,2014-04-22 19:10:00,2014-04-22 22:06:00,2014-04-22 17:40:00,2014-04-22 19:40:00,2014-04-22 21:36:00,2014-04-22 23:36:00
19,NYN,2014-04-23 19:10:00,2014-04-23 22:06:00,2014-04-23 17:40:00,2014-04-23 19:40:00,2014-04-23 21:36:00,2014-04-23 23:36:00
20,NYN,2014-04-24 13:10:00,2014-04-24 16:06:00,2014-04-24 11:40:00,2014-04-24 13:40:00,2014-04-24 15:36:00,2014-04-24 17:36:00
21,NYA,2014-04-25 19:05:00,2014-04-25 22:01:00,2014-04-25 17:35:00,2014-04-25 19:35:00,2014-04-25 21:31:00,2014-04-25 23:31:00
22,NYN,2014-04-25 19:10:00,2014-04-25 22:06:00,2014-04-25 17:40:00,2014-04-25 19:40:00,2014-04-25 21:36:00,2014-04-25 23:36:00
23,NYA,2014-04-26 13:05:00,2014-04-26 16:01:00,2014-04-26 11:35:00,2014-04-26 13:35:00,2014-04-26 15:31:00,2014-04-26 17:31:00
24,NYN,2014-04-26 19:10:00,2014-04-26 22:06:00,2014-04-26 17:40:00,2014-04-26 19:40:00,2014-04-26 21:36:00,2014-04-26 23:36:00
25,NYA,2014-04-27 19:05:00,2014-04-27 22:01:00,2014-04-27 17:35:00,2014-04-27 19:35:00,2014-04-27 21:31:00,2014-04-27 23:31:00
26,NYN,2014-04-27 13:10:00,2014-04-27 16:06:00,2014-04-27 11:40:00,2014-04-27 13:40:00,2014-04-27 15:36:00,2014-04-27 17:36:00
27,NYA,2014-04-29 19:05:00,2014-04-29 22:01:00,2014-04-29 17:35:00,2014-04-29 19:35:00,2014-04-29 21:31:00,2014-04-29 23:31:00
28,NYA,2014-05-01 19:05:00,2014-05-01 22:01:00,2014-05-01 17:35:00,2014-05-01 19:35:00,2014-05-01 21:31:00,2014-05-01 23:31:00
29,NYA,2014-05-02 19:05:00,2014-05-02 22:01:00,2014-05-02 17:35:00,2014-05-02 19:35:00,2014-05-02 21:31:00,2014-05-02 23:31:00
30,NYA,2014-05-03 13:05:00,2014-05-03 16:01:00,2014-05-03 11:35:00,2014-05-03 13:35:00,2014-05-03 15:31:00,2014-05-03 17:31:00
31,NYA,2014-05-04 13:05:00,2014-05-04 16:01:00,2014-05-04 11:35:00,2014-05-04 13:35:00,2014-05-04 15:31:00,2014-05-04 17:31:00
32,NYN,2014-05-09 19:10:00,2014-05-09 22:06:00,2014-05-09 17:40:00,2014-05-09 19:40:00,2014-05-09 21:36:00,2014-05-09 23:36:00
33,NYN,2014-05-10 19:10:00,2014-05-10 22:06:00,2014-05-10 17:40:00,2014-05-10 19:40:00,2014-05-10 21:36:00,2014-05-10 23:36:00
34,NYN,2014-05-11 13:10:00,2014-05-11 16:06:00,2014-05-11 11:40:00,2014-05-11 13:40:00,2014-05-11 15:36:00,2014-05-11 17:36:00
35,NYA,2014-05-12 19:05:00,2014-05-12 22:01:00,2014-05-12 17:35:00,2014-05-12 19:35:00,2014-05-12 21:31:00,2014-05-12 23:31:00
36,NYA,2014-05-13 19:05:00,2014-05-13 22:01:00,2014-05-13 17:35:00,2014-05-13 19:35:00,2014-05-13 21:31:00,2014-05-13 23:31:00
37,NYN,2014-05-14 19:10:00,2014-05-14 22:06:00,2014-05-14 17:40:00,2014-05-14 19:40:00,2014-05-14 21:36:00,2014-05-14 23:36:00
38,NYN,2014-05-15 19:10:00,2014-05-15 22:06:00,2014-05-15 17:40:00,2014-05-15 19:40:00,2014-05-15 21:36:00,2014-05-15 23:36:00
39,NYA,2014-05-17 13:05:00,2014-05-17 16:01:00,2014-05-17 11:35:00,2014-05-17 13:35:00,2014-05-17 15:31:00,2014-05-17 17:31:00
40,NYA,2014-05-18 13:05:00,2014-05-18 16:01:00,2014-05-18 11:35:00,2014-05-18 13:35:00,2014-05-18 15:31:00,2014-05-18 17:31:00
41,NYN,2014-05-20 19:10:00,2014-05-20 22:06:00,2014-05-20 17:40:00,2014-05-20 19:40:00,2014-05-20 21:36:00,2014-05-20 23:36:00
42,NYN,2014-05-21 19:10:00,2014-05-21 22:06:00,2014-05-21 17:40:00,2014-05-21 19:40:00,2014-05-21 21:36:00,2014-05-21 23:36:00
43,NYN,2014-05-22 19:10:00,2014-05-22 22:06:00,2014-05-22 17:40:00,2014-05-22 19:40:00,2014-05-22 21:36:00,2014-05-22 23:36:00
44,NYN,2014-05-24 16:05:00,2014-05-24 19:01:00,2014-05-24 14:35:00,2014-05-24 16:35:00,2014-05-24 18:31:00,2014-05-24 20:31:00
45,NYN,2014-05-25 13:10:00,2014-05-25 16:06:00,2014-05-25 11:40:00,2014-05-25 13:40:00,2014-05-25 15:36:00,2014-05-25 17:36:00
46,NYN,2014-05-26 13:10:00,2014-05-26 16:06:00,2014-05-26 11:40:00,2014-05-26 13:40:00,2014-05-26 15:36:00,2014-05-26 17:36:00
47,NYN,2014-05-27 19:10:00,2014-05-27 22:06:00,2014-05-27 17:40:00,2014-05-27 19:40:00,2014-05-27 21:36:00,2014-05-27 23:36:00
48,NYN,2014-05-28 13:10:00,2014-05-28 16:06:00,2014-05-28 11:40:00,2014-05-28 13:40:00,2014-05-28 15:36:00,2014-05-28 17:36:00
49,NYA,2014-05-30 19:05:00,2014-05-30 22:01:00,2014-05-30 17:35:00,2014-05-30 19:35:00,2014-05-30 21:31:00,2014-05-30 23:31:00
50,NYA,2014-05-31 13:05:00,2014-05-31 16:01:00,2014-05-31 11:35:00,2014-05-31 13:35:00,2014-05-31 15:31:00,2014-05-31 17:31:00
51,NYA,2014-06-01 13:05:00,2014-06-01 16:01:00,2014-06-01 11:35:00,2014-06-01 13:35:00,2014-06-01 15:31:00,2014-06-01 17:31:00
52,NYA,2014-06-03 19:05:00,2014-06-03 22:01:00,2014-06-03 17:35:00,2014-06-03 19:35:00,2014-06-03 21:31:00,2014-06-03 23:31:00
53,NYA,2014-06-04 19:05:00,2014-06-04 22:01:00,2014-06-04 17:35:00,2014-06-04 19:35:00,2014-06-04 21:31:00,2014-06-04 23:31:00
54,NYA,2014-06-05 13:05:00,2014-06-05 16:01:00,2014-06-05 11:35:00,2014-06-05 13:35:00,2014-06-05 15:31:00,2014-06-05 17:31:00
55,NYN,2014-06-10 19:10:00,2014-06-10 22:06:00,2014-06-10 17:40:00,2014-06-10 19:40:00,2014-06-10 21:36:00,2014-06-10 23:36:00
56,NYN,2014-06-11 19:10:00,2014-06-11 22:06:00,2014-06-11 17:40:00,2014-06-11 19:40:00,2014-06-11 21:36:00,2014-06-11 23:36:00
57,NYN,2014-06-12 19:10:00,2014-06-12 22:06:00,2014-06-12 17:40:00,2014-06-12 19:40:00,2014-06-12 21:36:00,2014-06-12 23:36:00
58,NYN,2014-06-13 19:10:00,2014-06-13 22:06:00,2014-06-13 17:40:00,2014-06-13 19:40:00,2014-06-13 21:36:00,2014-06-13 23:36:00
59,NYN,2014-06-14 16:05:00,2014-06-14 19:01:00,2014-06-14 14:35:00,2014-06-14 16:35:00,2014-06-14 18:31:00,2014-06-14 20:31:00
60,NYN,2014-06-15 13:10:00,2014-06-15 16:06:00,2014-06-15 11:40:00,2014-06-15 13:40:00,2014-06-15 15:36:00,2014-06-15 17:36:00
61,NYA,2014-06-17 19:05:00,2014-06-17 22:01:00,2014-06-17 17:35:00,2014-06-17 19:35:00,2014-06-17 21:31:00,2014-06-17 23:31:00
62,NYA,2014-06-18 19:05:00,2014-06-18 22:01:00,2014-06-18 17:35:00,2014-06-18 19:35:00,2014-06-18 21:31:00,2014-06-18 23:31:00
63,NYA,2014-06-19 19:05:00,2014-06-19 22:01:00,2014-06-19 17:35:00,2014-06-19 19:35:00,2014-06-19 21:31:00,2014-06-19 23:31:00
64,NYA,2014-06-20 19:05:00,2014-06-20 22:01:00,2014-06-20 17:35:00,2014-06-20 19:35:00,2014-06-20 21:31:00,2014-06-20 23:31:00
65,NYA,2014-06-21 13:05:00,2014-06-21 16:01:00,2014-06-21 11:35:00,2014-06-21 13:35:00,2014-06-21 15:31:00,2014-06-21 17:31:00
66,NYA,2014-06-22 19:05:00,2014-06-22 22:01:00,2014-06-22 17:35:00,2014-06-22 19:35:00,2014-06-22 21:31:00,2014-06-22 23:31:00
67,NYN,2014-06-24 19:10:00,2014-06-24 22:06:00,2014-06-24 17:40:00,2014-06-24 19:40:00,2014-06-24 21:36:00,2014-06-24 23:36:00
68,NYN,2014-06-25 19:10:00,2014-06-25 22:06:00,2014-06-25 17:40:00,2014-06-25 19:40:00,2014-06-25 21:36:00,2014-06-25 23:36:00
69,NYA,2014-06-27 19:05:00,2014-06-27 22:01:00,2014-06-27 17:35:00,2014-06-27 19:35:00,2014-06-27 21:31:00,2014-06-27 23:31:00
70,NYA,2014-06-28 19:05:00,2014-06-28 22:01:00,2014-06-28 17:35:00,2014-06-28 19:35:00,2014-06-28 21:31:00,2014-06-28 23:31:00
71,NYA,2014-06-29 19:05:00,2014-06-29 22:01:00,2014-06-29 17:35:00,2014-06-29 19:35:00,2014-06-29 21:31:00,2014-06-29 23:31:00
72,NYA,2014-06-30 19:05:00,2014-06-30 22:01:00,2014-06-30 17:35:00,2014-06-30 19:35:00,2014-06-30 21:31:00,2014-06-30 23:31:00
73,NYA,2014-07-01 19:05:00,2014-07-01 22:01:00,2014-07-01 17:35:00,2014-07-01 19:35:00,2014-07-01 21:31:00,2014-07-01 23:31:00
74,NYA,2014-07-02 13:05:00,2014-07-02 16:01:00,2014-07-02 11:35:00,2014-07-02 13:35:00,2014-07-02 15:31:00,2014-07-02 17:31:00
75,NYN,2014-07-04 19:10:00,2014-07-04 22:06:00,2014-07-04 17:40:00,2014-07-04 19:40:00,2014-07-04 21:36:00,2014-07-04 23:36:00
76,NYN,2014-07-05 19:10:00,2014-07-05 22:06:00,2014-07-05 17:40:00,2014-07-05 19:40:00,2014-07-05 21:36:00,2014-07-05 23:36:00
77,NYN,2014-07-06 13:10:00,2014-07-06 16:06:00,2014-07-06 11:40:00,2014-07-06 13:40:00,2014-07-06 15:36:00,2014-07-06 17:36:00
78,NYN,2014-07-07 19:10:00,2014-07-07 22:06:00,2014-07-07 17:40:00,2014-07-07 19:40:00,2014-07-07 21:36:00,2014-07-07 23:36:00
79,NYN,2014-07-08 19:10:00,2014-07-08 22:06:00,2014-07-08 17:40:00,2014-07-08 19:40:00,2014-07-08 21:36:00,2014-07-08 23:36:00
80,NYN,2014-07-09 19:10:00,2014-07-09 22:06:00,2014-07-09 17:40:00,2014-07-09 19:40:00,2014-07-09 21:36:00,2014-07-09 23:36:00
81,NYN,2014-07-10 19:10:00,2014-07-10 22:06:00,2014-07-10 17:40:00,2014-07-10 19:40:00,2014-07-10 21:36:00,2014-07-10 23:36:00
82,NYN,2014-07-11 19:10:00,2014-07-11 22:06:00,2014-07-11 17:40:00,2014-07-11 19:40:00,2014-07-11 21:36:00,2014-07-11 23:36:00
83,NYN,2014-07-12 16:05:00,2014-07-12 19:01:00,2014-07-12 14:35:00,2014-07-12 16:35:00,2014-07-12 18:31:00,2014-07-12 20:31:00
84,NYN,2014-07-13 13:10:00,2014-07-13 16:06:00,2014-07-13 11:40:00,2014-07-13 13:40:00,2014-07-13 15:36:00,2014-07-13 17:36:00
85,NYA,2014-07-18 19:05:00,2014-07-18 22:01:00,2014-07-18 17:35:00,2014-07-18 19:35:00,2014-07-18 21:31:00,2014-07-18 23:31:00
86,NYA,2014-07-19 13:05:00,2014-07-19 16:01:00,2014-07-19 11:35:00,2014-07-19 13:35:00,2014-07-19 15:31:00,2014-07-19 17:31:00
87,NYA,2014-07-20 13:05:00,2014-07-20 16:01:00,2014-07-20 11:35:00,2014-07-20 13:35:00,2014-07-20 15:31:00,2014-07-20 17:31:00
88,NYA,2014-07-21 19:05:00,2014-07-21 22:01:00,2014-07-21 17:35:00,2014-07-21 19:35:00,2014-07-21 21:31:00,2014-07-21 23:31:00
89,NYA,2014-07-22 19:05:00,2014-07-22 22:01:00,2014-07-22 17:35:00,2014-07-22 19:35:00,2014-07-22 21:31:00,2014-07-22 23:31:00
90,NYA,2014-07-23 19:05:00,2014-07-23 22:01:00,2014-07-23 17:35:00,2014-07-23 19:35:00,2014-07-23 21:31:00,2014-07-23 23:31:00
91,NYA,2014-07-24 13:05:00,2014-07-24 16:01:00,2014-07-24 11:35:00,2014-07-24 13:35:00,2014-07-24 15:31:00,2014-07-24 17:31:00
92,NYA,2014-07-25 19:05:00,2014-07-25 22:01:00,2014-07-25 17:35:00,2014-07-25 19:35:00,2014-07-25 21:31:00,2014-07-25 23:31:00
93,NYA,2014-07-26 13:05:00,2014-07-26 16:01:00,2014-07-26 11:35:00,2014-07-26 13:35:00,2014-07-26 15:31:00,2014-07-26 17:31:00
94,NYA,2014-07-27 13:05:00,2014-07-27 16:01:00,2014-07-27 11:35:00,2014-07-27 13:35:00,2014-07-27 15:31:00,2014-07-27 17:31:00
95,NYN,2014-07-28 19:10:00,2014-07-28 22:06:00,2014-07-28 17:40:00,2014-07-28 19:40:00,2014-07-28 21:36:00,2014-07-28 23:36:00
96,NYN,2014-07-29 19:10:00,2014-07-29 22:06:00,2014-07-29 17:40:00,2014-07-29 19:40:00,2014-07-29 21:36:00,2014-07-29 23:36:00
97,NYN,2014-07-30 13:10:00,2014-07-30 16:06:00,2014-07-30 11:40:00,2014-07-30 13:40:00,2014-07-30 15:36:00,2014-07-30 17:36:00
98,NYN,2014-08-01 19:10:00,2014-08-01 22:06:00,2014-08-01 17:40:00,2014-08-01 19:40:00,2014-08-01 21:36:00,2014-08-01 23:36:00
99,NYN,2014-08-02 19:10:00,2014-08-02 22:06:00,2014-08-02 17:40:00,2014-08-02 19:40:00,2014-08-02 21:36:00,2014-08-02 23:36:00
100,NYN,2014-08-03 13:10:00,2014-08-03 16:06:00,2014-08-03 11:40:00,2014-08-03 13:40:00,2014-08-03 15:36:00,2014-08-03 17:36:00
101,NYA,2014-08-04 19:05:00,2014-08-04 22:01:00,2014-08-04 17:35:00,2014-08-04 19:35:00,2014-08-04 21:31:00,2014-08-04 23:31:00
102,NYN,2014-08-04 13:10:00,2014-08-04 16:06:00,2014-08-04 11:40:00,2014-08-04 13:40:00,2014-08-04 15:36:00,2014-08-04 17:36:00
103,NYA,2014-08-05 19:05:00,2014-08-05 22:01:00,2014-08-05 17:35:00,2014-08-05 19:35:00,2014-08-05 21:31:00,2014-08-05 23:31:00
104,NYA,2014-08-06 19:05:00,2014-08-06 22:01:00,2014-08-06 17:35:00,2014-08-06 19:35:00,2014-08-06 21:31:00,2014-08-06 23:31:00
105,NYA,2014-08-07 13:05:00,2014-08-07 16:01:00,2014-08-07 11:35:00,2014-08-07 13:35:00,2014-08-07 15:31:00,2014-08-07 17:31:00
106,NYA,2014-08-08 19:05:00,2014-08-08 22:01:00,2014-08-08 17:35:00,2014-08-08 19:35:00,2014-08-08 21:31:00,2014-08-08 23:31:00
107,NYA,2014-08-09 13:05:00,2014-08-09 16:01:00,2014-08-09 11:35:00,2014-08-09 13:35:00,2014-08-09 15:31:00,2014-08-09 17:31:00
108,NYA,2014-08-10 19:05:00,2014-08-10 22:01:00,2014-08-10 17:35:00,2014-08-10 19:35:00,2014-08-10 21:31:00,2014-08-10 23:31:00
109,NYN,2014-08-12 19:10:00,2014-08-12 22:06:00,2014-08-12 17:40:00,2014-08-12 19:40:00,2014-08-12 21:36:00,2014-08-12 23:36:00
110,NYN,2014-08-13 19:10:00,2014-08-13 22:06:00,2014-08-13 17:40:00,2014-08-13 19:40:00,2014-08-13 21:36:00,2014-08-13 23:36:00
111,NYN,2014-08-14 19:10:00,2014-08-14 22:06:00,2014-08-14 17:40:00,2014-08-14 19:40:00,2014-08-14 21:36:00,2014-08-14 23:36:00
112,NYN,2014-08-15 19:10:00,2014-08-15 22:06:00,2014-08-15 17:40:00,2014-08-15 19:40:00,2014-08-15 21:36:00,2014-08-15 23:36:00
113,NYN,2014-08-16 19:10:00,2014-08-16 22:06:00,2014-08-16 17:40:00,2014-08-16 19:40:00,2014-08-16 21:36:00,2014-08-16 23:36:00
114,NYN,2014-08-17 13:10:00,2014-08-17 16:06:00,2014-08-17 11:40:00,2014-08-17 13:40:00,2014-08-17 15:36:00,2014-08-17 17:36:00
115,NYN,2014-08-18 13:10:00,2014-08-18 16:06:00,2014-08-18 11:40:00,2014-08-18 13:40:00,2014-08-18 15:36:00,2014-08-18 17:36:00
116,NYA,2014-08-19 19:05:00,2014-08-19 22:01:00,2014-08-19 17:35:00,2014-08-19 19:35:00,2014-08-19 21:31:00,2014-08-19 23:31:00
117,NYA,2014-08-20 19:05:00,2014-08-20 22:01:00,2014-08-20 17:35:00,2014-08-20 19:35:00,2014-08-20 21:31:00,2014-08-20 23:31:00
118,NYA,2014-08-21 13:05:00,2014-08-21 16:01:00,2014-08-21 11:35:00,2014-08-21 13:35:00,2014-08-21 15:31:00,2014-08-21 17:31:00
119,NYA,2014-08-22 19:05:00,2014-08-22 22:01:00,2014-08-22 17:35:00,2014-08-22 19:35:00,2014-08-22 21:31:00,2014-08-22 23:31:00
120,NYA,2014-08-23 13:05:00,2014-08-23 16:01:00,2014-08-23 11:35:00,2014-08-23 13:35:00,2014-08-23 15:31:00,2014-08-23 17:31:00
121,NYA,2014-08-24 19:05:00,2014-08-24 22:01:00,2014-08-24 17:35:00,2014-08-24 19:35:00,2014-08-24 21:31:00,2014-08-24 23:31:00
122,NYN,2014-08-26 19:10:00,2014-08-26 22:06:00,2014-08-26 17:40:00,2014-08-26 19:40:00,2014-08-26 21:36:00,2014-08-26 23:36:00
123,NYN,2014-08-27 19:10:00,2014-08-27 22:06:00,2014-08-27 17:40:00,2014-08-27 19:40:00,2014-08-27 21:36:00,2014-08-27 23:36:00
124,NYN,2014-08-28 19:10:00,2014-08-28 22:06:00,2014-08-28 17:40:00,2014-08-28 19:40:00,2014-08-28 21:36:00,2014-08-28 23:36:00
125,NYN,2014-08-29 19:10:00,2014-08-29 22:06:00,2014-08-29 17:40:00,2014-08-29 19:40:00,2014-08-29 21:36:00,2014-08-29 23:36:00
126,NYN,2014-08-30 19:10:00,2014-08-30 22:06:00,2014-08-30 17:40:00,2014-08-30 19:40:00,2014-08-30 21:36:00,2014-08-30 23:36:00
127,NYN,2014-08-31 13:10:00,2014-08-31 16:06:00,2014-08-31 11:40:00,2014-08-31 13:40:00,2014-08-31 15:36:00,2014-08-31 17:36:00
128,NYA,2014-09-02 19:05:00,2014-09-02 22:01:00,2014-09-02 17:35:00,2014-09-02 19:35:00,2014-09-02 21:31:00,2014-09-02 23:31:00
129,NYA,2014-09-03 19:05:00,2014-09-03 22:01:00,2014-09-03 17:35:00,2014-09-03 19:35:00,2014-09-03 21:31:00,2014-09-03 23:31:00
130,NYA,2014-09-04 19:05:00,2014-09-04 22:01:00,2014-09-04 17:35:00,2014-09-04 19:35:00,2014-09-04 21:31:00,2014-09-04 23:31:00
131,NYA,2014-09-05 19:05:00,2014-09-05 22:01:00,2014-09-05 17:35:00,2014-09-05 19:35:00,2014-09-05 21:31:00,2014-09-05 23:31:00
132,NYA,2014-09-06 13:05:00,2014-09-06 16:01:00,2014-09-06 11:35:00,2014-09-06 13:35:00,2014-09-06 15:31:00,2014-09-06 17:31:00
133,NYA,2014-09-07 13:05:00,2014-09-07 16:01:00,2014-09-07 11:35:00,2014-09-07 13:35:00,2014-09-07 15:31:00,2014-09-07 17:31:00
134,NYN,2014-09-08 19:10:00,2014-09-08 22:06:00,2014-09-08 17:40:00,2014-09-08 19:40:00,2014-09-08 21:36:00,2014-09-08 23:36:00
135,NYA,2014-09-09 19:05:00,2014-09-09 22:01:00,2014-09-09 17:35:00,2014-09-09 19:35:00,2014-09-09 21:31:00,2014-09-09 23:31:00
136,NYN,2014-09-09 19:10:00,2014-09-09 22:06:00,2014-09-09 17:40:00,2014-09-09 19:40:00,2014-09-09 21:36:00,2014-09-09 23:36:00
137,NYA,2014-09-10 19:05:00,2014-09-10 22:01:00,2014-09-10 17:35:00,2014-09-10 19:35:00,2014-09-10 21:31:00,2014-09-10 23:31:00
138,NYN,2014-09-10 19:10:00,2014-09-10 22:06:00,2014-09-10 17:40:00,2014-09-10 19:40:00,2014-09-10 21:36:00,2014-09-10 23:36:00
139,NYA,2014-09-11 19:05:00,2014-09-11 22:01:00,2014-09-11 17:35:00,2014-09-11 19:35:00,2014-09-11 21:31:00,2014-09-11 23:31:00
140,NYN,2014-09-11 19:10:00,2014-09-11 22:06:00,2014-09-11 17:40:00,2014-09-11 19:40:00,2014-09-11 21:36:00,2014-09-11 23:36:00
141,NYN,2014-09-12 19:10:00,2014-09-12 22:06:00,2014-09-12 17:40:00,2014-09-12 19:40:00,2014-09-12 21:36:00,2014-09-12 23:36:00
142,NYN,2014-09-13 19:10:00,2014-09-13 22:06:00,2014-09-13 17:40:00,2014-09-13 19:40:00,2014-09-13 21:36:00,2014-09-13 23:36:00
143,NYN,2014-09-14 13:10:00,2014-09-14 16:06:00,2014-09-14 11:40:00,2014-09-14 13:40:00,2014-09-14 15:36:00,2014-09-14 17:36:00
144,NYN,2014-09-15 19:10:00,2014-09-15 22:06:00,2014-09-15 17:40:00,2014-09-15 19:40:00,2014-09-15 21:36:00,2014-09-15 23:36:00
145,NYN,2014-09-16 19:10:00,2014-09-16 22:06:00,2014-09-16 17:40:00,2014-09-16 19:40:00,2014-09-16 21:36:00,2014-09-16 23:36:00
146,NYN,2014-09-17 19:10:00,2014-09-17 22:06:00,2014-09-17 17:40:00,2014-09-17 19:40:00,2014-09-17 21:36:00,2014-09-17 23:36:00
147,NYA,2014-09-18 19:05:00,2014-09-18 22:01:00,2014-09-18 17:35:00,2014-09-18 19:35:00,2014-09-18 21:31:00,2014-09-18 23:31:00
148,NYA,2014-09-19 19:05:00,2014-09-19 22:01:00,2014-09-19 17:35:00,2014-09-19 19:35:00,2014-09-19 21:31:00,2014-09-19 23:31:00
149,NYA,2014-09-20 19:05:00,2014-09-20 22:01:00,2014-09-20 17:35:00,2014-09-20 19:35:00,2014-09-20 21:31:00,2014-09-20 23:31:00
150,NYA,2014-09-21 13:05:00,2014-09-21 16:01:00,2014-09-21 11:35:00,2014-09-21 13:35:00,2014-09-21 15:31:00,2014-09-21 17:31:00
151,NYA,2014-09-22 19:05:00,2014-09-22 22:01:00,2014-09-22 17:35:00,2014-09-22 19:35:00,2014-09-22 21:31:00,2014-09-22 23:31:00
152,NYA,2014-09-23 19:05:00,2014-09-23 22:01:00,2014-09-23 17:35:00,2014-09-23 19:35:00,2014-09-23 21:31:00,2014-09-23 23:31:00
153,NYA,2014-09-24 13:05:00,2014-09-24 16:01:00,2014-09-24 11:35:00,2014-09-24 13:35:00,2014-09-24 15:31:00,2014-09-24 17:31:00
154,NYA,2014-09-25 19:05:00,2014-09-25 22:01:00,2014-09-25 17:35:00,2014-09-25 19:35:00,2014-09-25 21:31:00,2014-09-25 23:31:00
155,NYN,2014-09-26 19:10:00,2014-09-26 22:06:00,2014-09-26 17:40:00,2014-09-26 19:40:00,2014-09-26 21:36:00,2014-09-26 23:36:00
156,NYN,2014-09-27 19:10:00,2014-09-27 22:06:00,2014-09-27 17:40:00,2014-09-27 19:40:00,2014-09-27 21:36:00,2014-09-27 23:36:00
157,NYN,2014-09-28 13:10:00,2014-09-28 16:06:00,2014-09-28 11:40:00,2014-09-28 13:40:00,2014-09-28 15:36:00,2014-09-28 17:36:00
158,NYA,2015-04-06 13:05:00,2015-04-06 16:01:00,2015-04-06 11:35:00,2015-04-06 13:35:00,2015-04-06 15:31:00,2015-04-06 17:31:00
159,NYA,2015-04-08 19:05:00,2015-04-08 22:01:00,2015-04-08 17:35:00,2015-04-08 19:35:00,2015-04-08 21:31:00,2015-04-08 23:31:00
160,NYA,2015-04-09 19:05:00,2015-04-09 22:01:00,2015-04-09 17:35:00,2015-04-09 19:35:00,2015-04-09 21:31:00,2015-04-09 23:31:00
161,NYA,2015-04-10 19:05:00,2015-04-10 22:01:00,2015-04-10 17:35:00,2015-04-10 19:35:00,2015-04-10 21:31:00,2015-04-10 23:31:00
162,NYA,2015-04-11 13:05:00,2015-04-11 16:01:00,2015-04-11 11:35:00,2015-04-11 13:35:00,2015-04-11 15:31:00,2015-04-11 17:31:00
163,NYA,2015-04-12 19:05:00,2015-04-12 22:01:00,2015-04-12 17:35:00,2015-04-12 19:35:00,2015-04-12 21:31:00,2015-04-12 23:31:00
164,NYN,2015-04-13 13:10:00,2015-04-13 16:06:00,2015-04-13 11:40:00,2015-04-13 13:40:00,2015-04-13 15:36:00,2015-04-13 17:36:00
165,NYN,2015-04-14 19:10:00,2015-04-14 22:06:00,2015-04-14 17:40:00,2015-04-14 19:40:00,2015-04-14 21:36:00,2015-04-14 23:36:00
166,NYN,2015-04-15 19:10:00,2015-04-15 22:06:00,2015-04-15 17:40:00,2015-04-15 19:40:00,2015-04-15 21:36:00,2015-04-15 23:36:00
167,NYN,2015-04-16 19:10:00,2015-04-16 22:06:00,2015-04-16 17:40:00,2015-04-16 19:40:00,2015-04-16 21:36:00,2015-04-16 23:36:00
168,NYN,2015-04-17 19:10:00,2015-04-17 22:06:00,2015-04-17 17:40:00,2015-04-17 19:40:00,2015-04-17 21:36:00,2015-04-17 23:36:00
169,NYN,2015-04-18 19:10:00,2015-04-18 22:06:00,2015-04-18 17:40:00,2015-04-18 19:40:00,2015-04-18 21:36:00,2015-04-18 23:36:00
170,NYN,2015-04-19 13:10:00,2015-04-19 16:06:00,2015-04-19 11:40:00,2015-04-19 13:40:00,2015-04-19 15:36:00,2015-04-19 17:36:00
171,NYN,2015-04-21 19:10:00,2015-04-21 22:06:00,2015-04-21 17:40:00,2015-04-21 19:40:00,2015-04-21 21:36:00,2015-04-21 23:36:00
172,NYN,2015-04-22 19:10:00,2015-04-22 22:06:00,2015-04-22 17:40:00,2015-04-22 19:40:00,2015-04-22 21:36:00,2015-04-22 23:36:00
173,NYN,2015-04-23 13:10:00,2015-04-23 16:06:00,2015-04-23 11:40:00,2015-04-23 13:40:00,2015-04-23 15:36:00,2015-04-23 17:36:00
174,NYA,2015-04-24 19:05:00,2015-04-24 22:01:00,2015-04-24 17:35:00,2015-04-24 19:35:00,2015-04-24 21:31:00,2015-04-24 23:31:00
175,NYA,2015-04-25 13:05:00,2015-04-25 16:01:00,2015-04-25 11:35:00,2015-04-25 13:35:00,2015-04-25 15:31:00,2015-04-25 17:31:00
176,NYA,2015-04-26 19:05:00,2015-04-26 22:01:00,2015-04-26 17:35:00,2015-04-26 19:35:00,2015-04-26 21:31:00,2015-04-26 23:31:00
177,NYA,2015-04-27 19:05:00,2015-04-27 22:01:00,2015-04-27 17:35:00,2015-04-27 19:35:00,2015-04-27 21:31:00,2015-04-27 23:31:00
178,NYA,2015-04-28 19:05:00,2015-04-28 22:01:00,2015-04-28 17:35:00,2015-04-28 19:35:00,2015-04-28 21:31:00,2015-04-28 23:31:00
179,NYA,2015-04-29 13:05:00,2015-04-29 16:01:00,2015-04-29 11:35:00,2015-04-29 13:35:00,2015-04-29 15:31:00,2015-04-29 17:31:00
180,NYN,2015-04-30 19:10:00,2015-04-30 22:06:00,2015-04-30 17:40:00,2015-04-30 19:40:00,2015-04-30 21:36:00,2015-04-30 23:36:00
181,NYN,2015-05-01 19:10:00,2015-05-01 22:06:00,2015-05-01 17:40:00,2015-05-01 19:40:00,2015-05-01 21:36:00,2015-05-01 23:36:00
182,NYN,2015-05-02 19:10:00,2015-05-02 22:06:00,2015-05-02 17:40:00,2015-05-02 19:40:00,2015-05-02 21:36:00,2015-05-02 23:36:00
183,NYN,2015-05-03 13:10:00,2015-05-03 16:06:00,2015-05-03 11:40:00,2015-05-03 13:40:00,2015-05-03 15:36:00,2015-05-03 17:36:00
184,NYN,2015-05-05 19:10:00,2015-05-05 22:06:00,2015-05-05 17:40:00,2015-05-05 19:40:00,2015-05-05 21:36:00,2015-05-05 23:36:00
185,NYN,2015-05-06 19:10:00,2015-05-06 22:06:00,2015-05-06 17:40:00,2015-05-06 19:40:00,2015-05-06 21:36:00,2015-05-06 23:36:00
186,NYA,2015-05-07 19:05:00,2015-05-07 22:01:00,2015-05-07 17:35:00,2015-05-07 19:35:00,2015-05-07 21:31:00,2015-05-07 23:31:00
187,NYA,2015-05-08 19:05:00,2015-05-08 22:01:00,2015-05-08 17:35:00,2015-05-08 19:35:00,2015-05-08 21:31:00,2015-05-08 23:31:00
188,NYA,2015-05-09 13:05:00,2015-05-09 16:01:00,2015-05-09 11:35:00,2015-05-09 13:35:00,2015-05-09 15:31:00,2015-05-09 17:31:00
189,NYA,2015-05-10 13:05:00,2015-05-10 16:01:00,2015-05-10 11:35:00,2015-05-10 13:35:00,2015-05-10 15:31:00,2015-05-10 17:31:00
190,NYN,2015-05-15 19:10:00,2015-05-15 22:06:00,2015-05-15 17:40:00,2015-05-15 19:40:00,2015-05-15 21:36:00,2015-05-15 23:36:00
191,NYN,2015-05-16 19:10:00,2015-05-16 22:06:00,2015-05-16 17:40:00,2015-05-16 19:40:00,2015-05-16 21:36:00,2015-05-16 23:36:00
192,NYN,2015-05-17 13:10:00,2015-05-17 16:06:00,2015-05-17 11:40:00,2015-05-17 13:40:00,2015-05-17 15:36:00,2015-05-17 17:36:00
193,NYN,2015-05-18 19:10:00,2015-05-18 22:06:00,2015-05-18 17:40:00,2015-05-18 19:40:00,2015-05-18 21:36:00,2015-05-18 23:36:00
194,NYN,2015-05-19 19:10:00,2015-05-19 22:06:00,2015-05-19 17:40:00,2015-05-19 19:40:00,2015-05-19 21:36:00,2015-05-19 23:36:00
195,NYN,2015-05-20 19:10:00,2015-05-20 22:06:00,2015-05-20 17:40:00,2015-05-20 19:40:00,2015-05-20 21:36:00,2015-05-20 23:36:00
196,NYN,2015-05-21 13:10:00,2015-05-21 16:06:00,2015-05-21 11:40:00,2015-05-21 13:40:00,2015-05-21 15:36:00,2015-05-21 17:36:00
197,NYA,2015-05-22 19:05:00,2015-05-22 22:01:00,2015-05-22 17:35:00,2015-05-22 19:35:00,2015-05-22 21:31:00,2015-05-22 23:31:00
198,NYA,2015-05-23 13:05:00,2015-05-23 16:01:00,2015-05-23 11:35:00,2015-05-23 13:35:00,2015-05-23 15:31:00,2015-05-23 17:31:00
199,NYA,2015-05-24 19:05:00,2015-05-24 22:01:00,2015-05-24 17:35:00,2015-05-24 19:35:00,2015-05-24 21:31:00,2015-05-24 23:31:00
200,NYA,2015-05-25 13:05:00,2015-05-25 16:01:00,2015-05-25 11:35:00,2015-05-25 13:35:00,2015-05-25 15:31:00,2015-05-25 17:31:00
201,NYN,2015-05-25 13:10:00,2015-05-25 16:06:00,2015-05-25 11:40:00,2015-05-25 13:40:00,2015-05-25 15:36:00,2015-05-25 17:36:00
202,NYA,2015-05-26 19:05:00,2015-05-26 22:01:00,2015-05-26 17:35:00,2015-05-26 19:35:00,2015-05-26 21:31:00,2015-05-26 23:31:00
203,NYN,2015-05-26 19:10:00,2015-05-26 22:06:00,2015-05-26 17:40:00,2015-05-26 19:40:00,2015-05-26 21:36:00,2015-05-26 23:36:00
204,NYA,2015-05-27 13:05:00,2015-05-27 16:01:00,2015-05-27 11:35:00,2015-05-27 13:35:00,2015-05-27 15:31:00,2015-05-27 17:31:00
205,NYN,2015-05-27 13:10:00,2015-05-27 16:06:00,2015-05-27 11:40:00,2015-05-27 13:40:00,2015-05-27 15:36:00,2015-05-27 17:36:00
206,NYN,2015-05-29 19:10:00,2015-05-29 22:06:00,2015-05-29 17:40:00,2015-05-29 19:40:00,2015-05-29 21:36:00,2015-05-29 23:36:00
207,NYN,2015-05-30 16:05:00,2015-05-30 19:01:00,2015-05-30 14:35:00,2015-05-30 16:35:00,2015-05-30 18:31:00,2015-05-30 20:31:00
208,NYN,2015-05-31 13:10:00,2015-05-31 16:06:00,2015-05-31 11:40:00,2015-05-31 13:40:00,2015-05-31 15:36:00,2015-05-31 17:36:00
209,NYA,2015-06-05 19:05:00,2015-06-05 22:01:00,2015-06-05 17:35:00,2015-06-05 19:35:00,2015-06-05 21:31:00,2015-06-05 23:31:00
210,NYA,2015-06-06 19:05:00,2015-06-06 22:01:00,2015-06-06 17:35:00,2015-06-06 19:35:00,2015-06-06 21:31:00,2015-06-06 23:31:00
211,NYA,2015-06-07 13:05:00,2015-06-07 16:01:00,2015-06-07 11:35:00,2015-06-07 13:35:00,2015-06-07 15:31:00,2015-06-07 17:31:00
212,NYA,2015-06-09 19:05:00,2015-06-09 22:01:00,2015-06-09 17:35:00,2015-06-09 19:35:00,2015-06-09 21:31:00,2015-06-09 23:31:00
213,NYN,2015-06-09 19:10:00,2015-06-09 22:06:00,2015-06-09 17:40:00,2015-06-09 19:40:00,2015-06-09 21:36:00,2015-06-09 23:36:00
214,NYA,2015-06-10 13:05:00,2015-06-10 16:01:00,2015-06-10 11:35:00,2015-06-10 13:35:00,2015-06-10 15:31:00,2015-06-10 17:31:00
215,NYN,2015-06-10 19:10:00,2015-06-10 22:06:00,2015-06-10 17:40:00,2015-06-10 19:40:00,2015-06-10 21:36:00,2015-06-10 23:36:00
216,NYN,2015-06-11 19:10:00,2015-06-11 22:06:00,2015-06-11 17:40:00,2015-06-11 19:40:00,2015-06-11 21:36:00,2015-06-11 23:36:00
217,NYN,2015-06-12 19:10:00,2015-06-12 22:06:00,2015-06-12 17:40:00,2015-06-12 19:40:00,2015-06-12 21:36:00,2015-06-12 23:36:00
218,NYN,2015-06-13 16:05:00,2015-06-13 19:01:00,2015-06-13 14:35:00,2015-06-13 16:35:00,2015-06-13 18:31:00,2015-06-13 20:31:00
219,NYN,2015-06-14 13:10:00,2015-06-14 16:06:00,2015-06-14 11:40:00,2015-06-14 13:40:00,2015-06-14 15:36:00,2015-06-14 17:36:00
220,NYN,2015-06-15 19:10:00,2015-06-15 22:06:00,2015-06-15 17:40:00,2015-06-15 19:40:00,2015-06-15 21:36:00,2015-06-15 23:36:00
221,NYN,2015-06-16 19:10:00,2015-06-16 22:06:00,2015-06-16 17:40:00,2015-06-16 19:40:00,2015-06-16 21:36:00,2015-06-16 23:36:00
222,NYA,2015-06-17 19:05:00,2015-06-17 22:01:00,2015-06-17 17:35:00,2015-06-17 19:35:00,2015-06-17 21:31:00,2015-06-17 23:31:00
223,NYA,2015-06-18 19:05:00,2015-06-18 22:01:00,2015-06-18 17:35:00,2015-06-18 19:35:00,2015-06-18 21:31:00,2015-06-18 23:31:00
224,NYA,2015-06-19 19:05:00,2015-06-19 22:01:00,2015-06-19 17:35:00,2015-06-19 19:35:00,2015-06-19 21:31:00,2015-06-19 23:31:00
225,NYA,2015-06-20 19:05:00,2015-06-20 22:01:00,2015-06-20 17:35:00,2015-06-20 19:35:00,2015-06-20 21:31:00,2015-06-20 23:31:00
226,NYA,2015-06-21 13:05:00,2015-06-21 16:01:00,2015-06-21 11:35:00,2015-06-21 13:35:00,2015-06-21 15:31:00,2015-06-21 17:31:00
227,NYA,2015-06-22 19:05:00,2015-06-22 22:01:00,2015-06-22 17:35:00,2015-06-22 19:35:00,2015-06-22 21:31:00,2015-06-22 23:31:00
228,NYA,2015-06-23 19:05:00,2015-06-23 22:01:00,2015-06-23 17:35:00,2015-06-23 19:35:00,2015-06-23 21:31:00,2015-06-23 23:31:00
229,NYA,2015-06-24 13:05:00,2015-06-24 16:01:00,2015-06-24 11:35:00,2015-06-24 13:35:00,2015-06-24 15:31:00,2015-06-24 17:31:00
230,NYN,2015-06-26 19:10:00,2015-06-26 22:06:00,2015-06-26 17:40:00,2015-06-26 19:40:00,2015-06-26 21:36:00,2015-06-26 23:36:00
231,NYN,2015-06-27 16:05:00,2015-06-27 19:01:00,2015-06-27 14:35:00,2015-06-27 16:35:00,2015-06-27 18:31:00,2015-06-27 20:31:00
232,NYN,2015-06-28 13:10:00,2015-06-28 16:06:00,2015-06-28 11:40:00,2015-06-28 13:40:00,2015-06-28 15:36:00,2015-06-28 17:36:00
233,NYN,2015-06-30 19:10:00,2015-06-30 22:06:00,2015-06-30 17:40:00,2015-06-30 19:40:00,2015-06-30 21:36:00,2015-06-30 23:36:00
234,NYN,2015-07-01 19:10:00,2015-07-01 22:06:00,2015-07-01 17:40:00,2015-07-01 19:40:00,2015-07-01 21:36:00,2015-07-01 23:36:00
235,NYN,2015-07-02 13:10:00,2015-07-02 16:06:00,2015-07-02 11:40:00,2015-07-02 13:40:00,2015-07-02 15:36:00,2015-07-02 17:36:00
236,NYA,2015-07-03 19:05:00,2015-07-03 22:01:00,2015-07-03 17:35:00,2015-07-03 19:35:00,2015-07-03 21:31:00,2015-07-03 23:31:00
237,NYA,2015-07-04 13:05:00,2015-07-04 16:01:00,2015-07-04 11:35:00,2015-07-04 13:35:00,2015-07-04 15:31:00,2015-07-04 17:31:00
238,NYA,2015-07-05 13:05:00,2015-07-05 16:01:00,2015-07-05 11:35:00,2015-07-05 13:35:00,2015-07-05 15:31:00,2015-07-05 17:31:00
239,NYA,2015-07-07 19:05:00,2015-07-07 22:01:00,2015-07-07 17:35:00,2015-07-07 19:35:00,2015-07-07 21:31:00,2015-07-07 23:31:00
240,NYA,2015-07-08 19:05:00,2015-07-08 22:01:00,2015-07-08 17:35:00,2015-07-08 19:35:00,2015-07-08 21:31:00,2015-07-08 23:31:00
241,NYA,2015-07-09 13:05:00,2015-07-09 16:01:00,2015-07-09 11:35:00,2015-07-09 13:35:00,2015-07-09 15:31:00,2015-07-09 17:31:00
242,NYN,2015-07-10 19:10:00,2015-07-10 22:06:00,2015-07-10 17:40:00,2015-07-10 19:40:00,2015-07-10 21:36:00,2015-07-10 23:36:00
243,NYN,2015-07-11 16:05:00,2015-07-11 19:01:00,2015-07-11 14:35:00,2015-07-11 16:35:00,2015-07-11 18:31:00,2015-07-11 20:31:00
244,NYN,2015-07-12 13:10:00,2015-07-12 16:06:00,2015-07-12 11:40:00,2015-07-12 13:40:00,2015-07-12 15:36:00,2015-07-12 17:36:00
245,NYA,2015-07-17 19:05:00,2015-07-17 22:01:00,2015-07-17 17:35:00,2015-07-17 19:35:00,2015-07-17 21:31:00,2015-07-17 23:31:00
246,NYA,2015-07-18 13:05:00,2015-07-18 16:01:00,2015-07-18 11:35:00,2015-07-18 13:35:00,2015-07-18 15:31:00,2015-07-18 17:31:00
247,NYA,2015-07-19 13:05:00,2015-07-19 16:01:00,2015-07-19 11:35:00,2015-07-19 13:35:00,2015-07-19 15:31:00,2015-07-19 17:31:00
248,NYA,2015-07-21 19:05:00,2015-07-21 22:01:00,2015-07-21 17:35:00,2015-07-21 19:35:00,2015-07-21 21:31:00,2015-07-21 23:31:00
249,NYA,2015-07-22 19:05:00,2015-07-22 22:01:00,2015-07-22 17:35:00,2015-07-22 19:35:00,2015-07-22 21:31:00,2015-07-22 23:31:00
250,NYA,2015-07-23 13:05:00,2015-07-23 16:01:00,2015-07-23 11:35:00,2015-07-23 13:35:00,2015-07-23 15:31:00,2015-07-23 17:31:00
251,NYN,2015-07-23 19:10:00,2015-07-23 22:06:00,2015-07-23 17:40:00,2015-07-23 19:40:00,2015-07-23 21:36:00,2015-07-23 23:36:00
252,NYN,2015-07-24 19:10:00,2015-07-24 22:06:00,2015-07-24 17:40:00,2015-07-24 19:40:00,2015-07-24 21:36:00,2015-07-24 23:36:00
253,NYN,2015-07-25 19:10:00,2015-07-25 22:06:00,2015-07-25 17:40:00,2015-07-25 19:40:00,2015-07-25 21:36:00,2015-07-25 23:36:00
254,NYN,2015-07-26 13:10:00,2015-07-26 16:06:00,2015-07-26 11:40:00,2015-07-26 13:40:00,2015-07-26 15:36:00,2015-07-26 17:36:00
255,NYN,2015-07-28 19:10:00,2015-07-28 22:06:00,2015-07-28 17:40:00,2015-07-28 19:40:00,2015-07-28 21:36:00,2015-07-28 23:36:00
256,NYN,2015-07-29 19:10:00,2015-07-29 22:06:00,2015-07-29 17:40:00,2015-07-29 19:40:00,2015-07-29 21:36:00,2015-07-29 23:36:00
257,NYN,2015-07-30 13:10:00,2015-07-30 16:06:00,2015-07-30 11:40:00,2015-07-30 13:40:00,2015-07-30 15:36:00,2015-07-30 17:36:00
258,NYN,2015-07-31 19:10:00,2015-07-31 22:06:00,2015-07-31 17:40:00,2015-07-31 19:40:00,2015-07-31 21:36:00,2015-07-31 23:36:00
259,NYN,2015-08-01 19:10:00,2015-08-01 22:06:00,2015-08-01 17:40:00,2015-08-01 19:40:00,2015-08-01 21:36:00,2015-08-01 23:36:00
260,NYN,2015-08-02 13:10:00,2015-08-02 16:06:00,2015-08-02 11:40:00,2015-08-02 13:40:00,2015-08-02 15:36:00,2015-08-02 17:36:00
261,NYA,2015-08-04 19:05:00,2015-08-04 22:01:00,2015-08-04 17:35:00,2015-08-04 19:35:00,2015-08-04 21:31:00,2015-08-04 23:31:00
262,NYA,2015-08-05 19:05:00,2015-08-05 22:01:00,2015-08-05 17:35:00,2015-08-05 19:35:00,2015-08-05 21:31:00,2015-08-05 23:31:00
263,NYA,2015-08-06 19:05:00,2015-08-06 22:01:00,2015-08-06 17:35:00,2015-08-06 19:35:00,2015-08-06 21:31:00,2015-08-06 23:31:00
264,NYA,2015-08-07 19:05:00,2015-08-07 22:01:00,2015-08-07 17:35:00,2015-08-07 19:35:00,2015-08-07 21:31:00,2015-08-07 23:31:00
265,NYA,2015-08-08 13:05:00,2015-08-08 16:01:00,2015-08-08 11:35:00,2015-08-08 13:35:00,2015-08-08 15:31:00,2015-08-08 17:31:00
266,NYA,2015-08-09 13:05:00,2015-08-09 16:01:00,2015-08-09 11:35:00,2015-08-09 13:35:00,2015-08-09 15:31:00,2015-08-09 17:31:00
267,NYN,2015-08-10 19:10:00,2015-08-10 22:06:00,2015-08-10 17:40:00,2015-08-10 19:40:00,2015-08-10 21:36:00,2015-08-10 23:36:00
268,NYN,2015-08-11 19:10:00,2015-08-11 22:06:00,2015-08-11 17:40:00,2015-08-11 19:40:00,2015-08-11 21:36:00,2015-08-11 23:36:00
269,NYN,2015-08-12 19:10:00,2015-08-12 22:06:00,2015-08-12 17:40:00,2015-08-12 19:40:00,2015-08-12 21:36:00,2015-08-12 23:36:00
270,NYN,2015-08-13 13:10:00,2015-08-13 16:06:00,2015-08-13 11:40:00,2015-08-13 13:40:00,2015-08-13 15:36:00,2015-08-13 17:36:00
271,NYN,2015-08-14 19:10:00,2015-08-14 22:06:00,2015-08-14 17:40:00,2015-08-14 19:40:00,2015-08-14 21:36:00,2015-08-14 23:36:00
272,NYN,2015-08-15 19:10:00,2015-08-15 22:06:00,2015-08-15 17:40:00,2015-08-15 19:40:00,2015-08-15 21:36:00,2015-08-15 23:36:00
273,NYN,2015-08-16 13:10:00,2015-08-16 16:06:00,2015-08-16 11:40:00,2015-08-16 13:40:00,2015-08-16 15:36:00,2015-08-16 17:36:00
274,NYA,2015-08-17 19:05:00,2015-08-17 22:01:00,2015-08-17 17:35:00,2015-08-17 19:35:00,2015-08-17 21:31:00,2015-08-17 23:31:00
275,NYA,2015-08-18 19:05:00,2015-08-18 22:01:00,2015-08-18 17:35:00,2015-08-18 19:35:00,2015-08-18 21:31:00,2015-08-18 23:31:00
276,NYA,2015-08-19 13:05:00,2015-08-19 16:01:00,2015-08-19 11:35:00,2015-08-19 13:35:00,2015-08-19 15:31:00,2015-08-19 17:31:00
277,NYA,2015-08-20 19:05:00,2015-08-20 22:01:00,2015-08-20 17:35:00,2015-08-20 19:35:00,2015-08-20 21:31:00,2015-08-20 23:31:00
278,NYA,2015-08-21 19:05:00,2015-08-21 22:01:00,2015-08-21 17:35:00,2015-08-21 19:35:00,2015-08-21 21:31:00,2015-08-21 23:31:00
279,NYA,2015-08-22 13:05:00,2015-08-22 16:01:00,2015-08-22 11:35:00,2015-08-22 13:35:00,2015-08-22 15:31:00,2015-08-22 17:31:00
280,NYA,2015-08-23 13:05:00,2015-08-23 16:01:00,2015-08-23 11:35:00,2015-08-23 13:35:00,2015-08-23 15:31:00,2015-08-23 17:31:00
281,NYA,2015-08-24 19:05:00,2015-08-24 22:01:00,2015-08-24 17:35:00,2015-08-24 19:35:00,2015-08-24 21:31:00,2015-08-24 23:31:00
282,NYA,2015-08-25 19:05:00,2015-08-25 22:01:00,2015-08-25 17:35:00,2015-08-25 19:35:00,2015-08-25 21:31:00,2015-08-25 23:31:00
283,NYA,2015-08-26 13:05:00,2015-08-26 16:01:00,2015-08-26 11:35:00,2015-08-26 13:35:00,2015-08-26 15:31:00,2015-08-26 17:31:00
284,NYN,2015-08-28 19:10:00,2015-08-28 22:06:00,2015-08-28 17:40:00,2015-08-28 19:40:00,2015-08-28 21:36:00,2015-08-28 23:36:00
285,NYN,2015-08-29 16:05:00,2015-08-29 19:01:00,2015-08-29 14:35:00,2015-08-29 16:35:00,2015-08-29 18:31:00,2015-08-29 20:31:00
286,NYN,2015-08-30 13:10:00,2015-08-30 16:06:00,2015-08-30 11:40:00,2015-08-30 13:40:00,2015-08-30 15:36:00,2015-08-30 17:36:00
287,NYN,2015-08-31 19:10:00,2015-08-31 22:06:00,2015-08-31 17:40:00,2015-08-31 19:40:00,2015-08-31 21:36:00,2015-08-31 23:36:00
288,NYN,2015-09-01 19:10:00,2015-09-01 22:06:00,2015-09-01 17:40:00,2015-09-01 19:40:00,2015-09-01 21:36:00,2015-09-01 23:36:00
289,NYN,2015-09-02 19:10:00,2015-09-02 22:06:00,2015-09-02 17:40:00,2015-09-02 19:40:00,2015-09-02 21:36:00,2015-09-02 23:36:00
290,NYA,2015-09-04 19:05:00,2015-09-04 22:01:00,2015-09-04 17:35:00,2015-09-04 19:35:00,2015-09-04 21:31:00,2015-09-04 23:31:00
291,NYA,2015-09-05 13:05:00,2015-09-05 16:01:00,2015-09-05 11:35:00,2015-09-05 13:35:00,2015-09-05 15:31:00,2015-09-05 17:31:00
292,NYA,2015-09-06 13:05:00,2015-09-06 16:01:00,2015-09-06 11:35:00,2015-09-06 13:35:00,2015-09-06 15:31:00,2015-09-06 17:31:00
293,NYA,2015-09-07 13:05:00,2015-09-07 16:01:00,2015-09-07 11:35:00,2015-09-07 13:35:00,2015-09-07 15:31:00,2015-09-07 17:31:00
294,NYA,2015-09-08 19:05:00,2015-09-08 22:01:00,2015-09-08 17:35:00,2015-09-08 19:35:00,2015-09-08 21:31:00,2015-09-08 23:31:00
295,NYA,2015-09-09 19:05:00,2015-09-09 22:01:00,2015-09-09 17:35:00,2015-09-09 19:35:00,2015-09-09 21:31:00,2015-09-09 23:31:00
296,NYA,2015-09-11 19:05:00,2015-09-11 22:01:00,2015-09-11 17:35:00,2015-09-11 19:35:00,2015-09-11 21:31:00,2015-09-11 23:31:00
297,NYA,2015-09-12 13:05:00,2015-09-12 16:01:00,2015-09-12 11:35:00,2015-09-12 13:35:00,2015-09-12 15:31:00,2015-09-12 17:31:00
298,NYA,2015-09-13 13:05:00,2015-09-13 16:01:00,2015-09-13 11:35:00,2015-09-13 13:35:00,2015-09-13 15:31:00,2015-09-13 17:31:00
299,NYN,2015-09-14 19:10:00,2015-09-14 22:06:00,2015-09-14 17:40:00,2015-09-14 19:40:00,2015-09-14 21:36:00,2015-09-14 23:36:00
300,NYN,2015-09-15 19:10:00,2015-09-15 22:06:00,2015-09-15 17:40:00,2015-09-15 19:40:00,2015-09-15 21:36:00,2015-09-15 23:36:00
301,NYN,2015-09-16 19:10:00,2015-09-16 22:06:00,2015-09-16 17:40:00,2015-09-16 19:40:00,2015-09-16 21:36:00,2015-09-16 23:36:00
302,NYN,2015-09-18 19:10:00,2015-09-18 22:06:00,2015-09-18 17:40:00,2015-09-18 19:40:00,2015-09-18 21:36:00,2015-09-18 23:36:00
303,NYN,2015-09-19 16:05:00,2015-09-19 19:01:00,2015-09-19 14:35:00,2015-09-19 16:35:00,2015-09-19 18:31:00,2015-09-19 20:31:00
304,NYN,2015-09-20 13:10:00,2015-09-20 16:06:00,2015-09-20 11:40:00,2015-09-20 13:40:00,2015-09-20 15:36:00,2015-09-20 17:36:00
305,NYN,2015-09-21 19:10:00,2015-09-21 22:06:00,2015-09-21 17:40:00,2015-09-21 19:40:00,2015-09-21 21:36:00,2015-09-21 23:36:00
306,NYN,2015-09-22 19:10:00,2015-09-22 22:06:00,2015-09-22 17:40:00,2015-09-22 19:40:00,2015-09-22 21:36:00,2015-09-22 23:36:00
307,NYN,2015-09-23 19:10:00,2015-09-23 22:06:00,2015-09-23 17:40:00,2015-09-23 19:40:00,2015-09-23 21:36:00,2015-09-23 23:36:00
308,NYA,2015-09-24 19:05:00,2015-09-24 22:01:00,2015-09-24 17:35:00,2015-09-24 19:35:00,2015-09-24 21:31:00,2015-09-24 23:31:00
309,NYA,2015-09-25 19:05:00,2015-09-25 22:01:00,2015-09-25 17:35:00,2015-09-25 19:35:00,2015-09-25 21:31:00,2015-09-25 23:31:00
310,NYA,2015-09-26 13:05:00,2015-09-26 16:01:00,2015-09-26 11:35:00,2015-09-26 13:35:00,2015-09-26 15:31:00,2015-09-26 17:31:00
311,NYA,2015-09-27 13:05:00,2015-09-27 16:01:00,2015-09-27 11:35:00,2015-09-27 13:35:00,2015-09-27 15:31:00,2015-09-27 17:31:00
312,NYA,2015-09-28 19:05:00,2015-09-28 22:01:00,2015-09-28 17:35:00,2015-09-28 19:35:00,2015-09-28 21:31:00,2015-09-28 23:31:00
313,NYA,2015-09-29 19:05:00,2015-09-29 22:01:00,2015-09-29 17:35:00,2015-09-29 19:35:00,2015-09-29 21:31:00,2015-09-29 23:31:00
314,NYA,2015-09-30 19:05:00,2015-09-30 22:01:00,2015-09-30 17:35:00,2015-09-30 19:35:00,2015-09-30 21:31:00,2015-09-30 23:31:00
315,NYA,2015-10-01 19:05:00,2015-10-01 22:01:00,2015-10-01 17:35:00,2015-10-01 19:35:00,2015-10-01 21:31:00,2015-10-01 23:31:00
316,NYN,2015-10-03 19:10:00,2015-10-03 22:06:00,2015-10-03 17:40:00,2015-10-03 19:40:00,2015-10-03 21:36:00,2015-10-03 23:36:00
317,NYN,2015-10-04 13:10:00,2015-10-04 16:06:00,2015-10-04 11:40:00,2015-10-04 13:40:00,2015-10-04 15:36:00,2015-10-04 17:36:00
318,NYA,2016-04-06 19:05:00,2016-04-06 22:01:00,2016-04-06 17:35:00,2016-04-06 19:35:00,2016-04-06 21:31:00,2016-04-06 23:31:00
319,NYA,2016-04-07 13:05:00,2016-04-07 16:01:00,2016-04-07 11:35:00,2016-04-07 13:35:00,2016-04-07 15:31:00,2016-04-07 17:31:00
320,NYN,2016-04-08 13:10:00,2016-04-08 16:06:00,2016-04-08 11:40:00,2016-04-08 13:40:00,2016-04-08 15:36:00,2016-04-08 17:36:00
321,NYN,2016-04-09 19:10:00,2016-04-09 22:06:00,2016-04-09 17:40:00,2016-04-09 19:40:00,2016-04-09 21:36:00,2016-04-09 23:36:00
322,NYN,2016-04-10 13:10:00,2016-04-10 16:06:00,2016-04-10 11:40:00,2016-04-10 13:40:00,2016-04-10 15:36:00,2016-04-10 17:36:00
323,NYN,2016-04-11 19:10:00,2016-04-11 22:06:00,2016-04-11 17:40:00,2016-04-11 19:40:00,2016-04-11 21:36:00,2016-04-11 23:36:00
324,NYN,2016-04-12 19:10:00,2016-04-12 22:06:00,2016-04-12 17:40:00,2016-04-12 19:40:00,2016-04-12 21:36:00,2016-04-12 23:36:00
325,NYN,2016-04-13 13:10:00,2016-04-13 16:06:00,2016-04-13 11:40:00,2016-04-13 13:40:00,2016-04-13 15:36:00,2016-04-13 17:36:00
326,NYA,2016-04-15 19:05:00,2016-04-15 22:01:00,2016-04-15 17:35:00,2016-04-15 19:35:00,2016-04-15 21:31:00,2016-04-15 23:31:00
327,NYA,2016-04-16 13:05:00,2016-04-16 16:01:00,2016-04-16 11:35:00,2016-04-16 13:35:00,2016-04-16 15:31:00,2016-04-16 17:31:00
328,NYA,2016-04-17 13:05:00,2016-04-17 16:01:00,2016-04-17 11:35:00,2016-04-17 13:35:00,2016-04-17 15:31:00,2016-04-17 17:31:00
329,NYA,2016-04-19 19:05:00,2016-04-19 22:01:00,2016-04-19 17:35:00,2016-04-19 19:35:00,2016-04-19 21:31:00,2016-04-19 23:31:00
330,NYA,2016-04-20 19:05:00,2016-04-20 22:01:00,2016-04-20 17:35:00,2016-04-20 19:35:00,2016-04-20 21:31:00,2016-04-20 23:31:00
331,NYA,2016-04-21 19:05:00,2016-04-21 22:01:00,2016-04-21 17:35:00,2016-04-21 19:35:00,2016-04-21 21:31:00,2016-04-21 23:31:00
332,NYA,2016-04-22 19:05:00,2016-04-22 22:01:00,2016-04-22 17:35:00,2016-04-22 19:35:00,2016-04-22 21:31:00,2016-04-22 23:31:00
333,NYA,2016-04-23 13:05:00,2016-04-23 16:01:00,2016-04-23 11:35:00,2016-04-23 13:35:00,2016-04-23 15:31:00,2016-04-23 17:31:00
334,NYA,2016-04-24 13:05:00,2016-04-24 16:01:00,2016-04-24 11:35:00,2016-04-24 13:35:00,2016-04-24 15:31:00,2016-04-24 17:31:00
335,NYN,2016-04-25 19:10:00,2016-04-25 22:06:00,2016-04-25 17:40:00,2016-04-25 19:40:00,2016-04-25 21:36:00,2016-04-25 23:36:00
336,NYN,2016-04-26 19:10:00,2016-04-26 22:06:00,2016-04-26 17:40:00,2016-04-26 19:40:00,2016-04-26 21:36:00,2016-04-26 23:36:00
337,NYN,2016-04-27 19:10:00,2016-04-27 22:06:00,2016-04-27 17:40:00,2016-04-27 19:40:00,2016-04-27 21:36:00,2016-04-27 23:36:00
338,NYN,2016-04-29 19:10:00,2016-04-29 22:06:00,2016-04-29 17:40:00,2016-04-29 19:40:00,2016-04-29 21:36:00,2016-04-29 23:36:00
339,NYN,2016-04-30 16:05:00,2016-04-30 19:01:00,2016-04-30 14:35:00,2016-04-30 16:35:00,2016-04-30 18:31:00,2016-04-30 20:31:00
340,NYN,2016-05-01 13:10:00,2016-05-01 16:06:00,2016-05-01 11:40:00,2016-05-01 13:40:00,2016-05-01 15:36:00,2016-05-01 17:36:00
341,NYN,2016-05-02 19:10:00,2016-05-02 22:06:00,2016-05-02 17:40:00,2016-05-02 19:40:00,2016-05-02 21:36:00,2016-05-02 23:36:00
342,NYN,2016-05-03 19:10:00,2016-05-03 22:06:00,2016-05-03 17:40:00,2016-05-03 19:40:00,2016-05-03 21:36:00,2016-05-03 23:36:00
343,NYN,2016-05-04 13:10:00,2016-05-04 16:06:00,2016-05-04 11:40:00,2016-05-04 13:40:00,2016-05-04 15:36:00,2016-05-04 17:36:00
344,NYA,2016-05-06 19:05:00,2016-05-06 22:01:00,2016-05-06 17:35:00,2016-05-06 19:35:00,2016-05-06 21:31:00,2016-05-06 23:31:00
345,NYA,2016-05-07 13:05:00,2016-05-07 16:01:00,2016-05-07 11:35:00,2016-05-07 13:35:00,2016-05-07 15:31:00,2016-05-07 17:31:00
346,NYA,2016-05-08 19:05:00,2016-05-08 22:01:00,2016-05-08 17:35:00,2016-05-08 19:35:00,2016-05-08 21:31:00,2016-05-08 23:31:00
347,NYA,2016-05-09 19:05:00,2016-05-09 22:01:00,2016-05-09 17:35:00,2016-05-09 19:35:00,2016-05-09 21:31:00,2016-05-09 23:31:00
348,NYA,2016-05-10 19:05:00,2016-05-10 22:01:00,2016-05-10 17:35:00,2016-05-10 19:35:00,2016-05-10 21:31:00,2016-05-10 23:31:00
349,NYA,2016-05-11 19:05:00,2016-05-11 22:01:00,2016-05-11 17:35:00,2016-05-11 19:35:00,2016-05-11 21:31:00,2016-05-11 23:31:00
350,NYA,2016-05-12 19:05:00,2016-05-12 22:01:00,2016-05-12 17:35:00,2016-05-12 19:35:00,2016-05-12 21:31:00,2016-05-12 23:31:00
351,NYA,2016-05-13 19:05:00,2016-05-13 22:01:00,2016-05-13 17:35:00,2016-05-13 19:35:00,2016-05-13 21:31:00,2016-05-13 23:31:00
352,NYA,2016-05-14 13:05:00,2016-05-14 16:01:00,2016-05-14 11:35:00,2016-05-14 13:35:00,2016-05-14 15:31:00,2016-05-14 17:31:00
353,NYA,2016-05-15 13:05:00,2016-05-15 16:01:00,2016-05-15 11:35:00,2016-05-15 13:35:00,2016-05-15 15:31:00,2016-05-15 17:31:00
354,NYN,2016-05-17 19:10:00,2016-05-17 22:06:00,2016-05-17 17:40:00,2016-05-17 19:40:00,2016-05-17 21:36:00,2016-05-17 23:36:00
355,NYN,2016-05-18 19:10:00,2016-05-18 22:06:00,2016-05-18 17:40:00,2016-05-18 19:40:00,2016-05-18 21:36:00,2016-05-18 23:36:00
356,NYN,2016-05-19 19:10:00,2016-05-19 22:06:00,2016-05-19 17:40:00,2016-05-19 19:40:00,2016-05-19 21:36:00,2016-05-19 23:36:00
357,NYN,2016-05-20 19:10:00,2016-05-20 22:06:00,2016-05-20 17:40:00,2016-05-20 19:40:00,2016-05-20 21:36:00,2016-05-20 23:36:00
358,NYN,2016-05-21 16:05:00,2016-05-21 19:01:00,2016-05-21 14:35:00,2016-05-21 16:35:00,2016-05-21 18:31:00,2016-05-21 20:31:00
359,NYN,2016-05-22 13:10:00,2016-05-22 16:06:00,2016-05-22 11:40:00,2016-05-22 13:40:00,2016-05-22 15:36:00,2016-05-22 17:36:00
360,NYA,2016-05-24 19:05:00,2016-05-24 22:01:00,2016-05-24 17:35:00,2016-05-24 19:35:00,2016-05-24 21:31:00,2016-05-24 23:31:00
361,NYA,2016-05-25 19:05:00,2016-05-25 22:01:00,2016-05-25 17:35:00,2016-05-25 19:35:00,2016-05-25 21:31:00,2016-05-25 23:31:00
362,NYA,2016-05-26 13:05:00,2016-05-26 16:01:00,2016-05-26 11:35:00,2016-05-26 13:35:00,2016-05-26 15:31:00,2016-05-26 17:31:00
363,NYN,2016-05-27 19:10:00,2016-05-27 22:06:00,2016-05-27 17:40:00,2016-05-27 19:40:00,2016-05-27 21:36:00,2016-05-27 23:36:00
364,NYN,2016-05-28 19:10:00,2016-05-28 22:06:00,2016-05-28 17:40:00,2016-05-28 19:40:00,2016-05-28 21:36:00,2016-05-28 23:36:00
365,NYN,2016-05-29 19:10:00,2016-05-29 22:06:00,2016-05-29 17:40:00,2016-05-29 19:40:00,2016-05-29 21:36:00,2016-05-29 23:36:00
366,NYN,2016-05-30 13:10:00,2016-05-30 16:06:00,2016-05-30 11:40:00,2016-05-30 13:40:00,2016-05-30 15:36:00,2016-05-30 17:36:00
367,NYN,2016-05-31 19:10:00,2016-05-31 22:06:00,2016-05-31 17:40:00,2016-05-31 19:40:00,2016-05-31 21:36:00,2016-05-31 23:36:00
368,NYN,2016-06-01 13:10:00,2016-06-01 16:06:00,2016-06-01 11:40:00,2016-06-01 13:40:00,2016-06-01 15:36:00,2016-06-01 17:36:00
369,NYA,2016-06-06 19:05:00,2016-06-06 22:01:00,2016-06-06 17:35:00,2016-06-06 19:35:00,2016-06-06 21:31:00,2016-06-06 23:31:00
370,NYA,2016-06-07 19:05:00,2016-06-07 22:01:00,2016-06-07 17:35:00,2016-06-07 19:35:00,2016-06-07 21:31:00,2016-06-07 23:31:00
371,NYA,2016-06-08 19:05:00,2016-06-08 22:01:00,2016-06-08 17:35:00,2016-06-08 19:35:00,2016-06-08 21:31:00,2016-06-08 23:31:00
372,NYA,2016-06-09 19:05:00,2016-06-09 22:01:00,2016-06-09 17:35:00,2016-06-09 19:35:00,2016-06-09 21:31:00,2016-06-09 23:31:00
373,NYA,2016-06-10 19:05:00,2016-06-10 22:01:00,2016-06-10 17:35:00,2016-06-10 19:35:00,2016-06-10 21:31:00,2016-06-10 23:31:00
374,NYA,2016-06-11 19:05:00,2016-06-11 22:01:00,2016-06-11 17:35:00,2016-06-11 19:35:00,2016-06-11 21:31:00,2016-06-11 23:31:00
375,NYA,2016-06-12 13:05:00,2016-06-12 16:01:00,2016-06-12 11:35:00,2016-06-12 13:35:00,2016-06-12 15:31:00,2016-06-12 17:31:00
376,NYN,2016-06-14 19:10:00,2016-06-14 22:06:00,2016-06-14 17:40:00,2016-06-14 19:40:00,2016-06-14 21:36:00,2016-06-14 23:36:00
377,NYN,2016-06-15 19:10:00,2016-06-15 22:06:00,2016-06-15 17:40:00,2016-06-15 19:40:00,2016-06-15 21:36:00,2016-06-15 23:36:00
378,NYN,2016-06-16 19:10:00,2016-06-16 22:06:00,2016-06-16 17:40:00,2016-06-16 19:40:00,2016-06-16 21:36:00,2016-06-16 23:36:00
379,NYN,2016-06-17 19:10:00,2016-06-17 22:06:00,2016-06-17 17:40:00,2016-06-17 19:40:00,2016-06-17 21:36:00,2016-06-17 23:36:00
380,NYN,2016-06-18 19:10:00,2016-06-18 22:06:00,2016-06-18 17:40:00,2016-06-18 19:40:00,2016-06-18 21:36:00,2016-06-18 23:36:00
381,NYN,2016-06-19 13:10:00,2016-06-19 16:06:00,2016-06-19 11:40:00,2016-06-19 13:40:00,2016-06-19 15:36:00,2016-06-19 17:36:00
382,NYA,2016-06-21 19:05:00,2016-06-21 22:01:00,2016-06-21 17:35:00,2016-06-21 19:35:00,2016-06-21 21:31:00,2016-06-21 23:31:00
383,NYN,2016-06-21 19:10:00,2016-06-21 22:06:00,2016-06-21 17:40:00,2016-06-21 19:40:00,2016-06-21 21:36:00,2016-06-21 23:36:00
384,NYA,2016-06-22 13:05:00,2016-06-22 16:01:00,2016-06-22 11:35:00,2016-06-22 13:35:00,2016-06-22 15:31:00,2016-06-22 17:31:00
385,NYN,2016-06-22 13:10:00,2016-06-22 16:06:00,2016-06-22 11:40:00,2016-06-22 13:40:00,2016-06-22 15:36:00,2016-06-22 17:36:00
386,NYA,2016-06-24 19:05:00,2016-06-24 22:01:00,2016-06-24 17:35:00,2016-06-24 19:35:00,2016-06-24 21:31:00,2016-06-24 23:31:00
387,NYA,2016-06-25 13:05:00,2016-06-25 16:01:00,2016-06-25 11:35:00,2016-06-25 13:35:00,2016-06-25 15:31:00,2016-06-25 17:31:00
388,NYA,2016-06-26 13:05:00,2016-06-26 16:01:00,2016-06-26 11:35:00,2016-06-26 13:35:00,2016-06-26 15:31:00,2016-06-26 17:31:00
389,NYA,2016-06-27 19:05:00,2016-06-27 22:01:00,2016-06-27 17:35:00,2016-06-27 19:35:00,2016-06-27 21:31:00,2016-06-27 23:31:00
390,NYA,2016-06-28 19:05:00,2016-06-28 22:01:00,2016-06-28 17:35:00,2016-06-28 19:35:00,2016-06-28 21:31:00,2016-06-28 23:31:00
391,NYA,2016-06-29 19:05:00,2016-06-29 22:01:00,2016-06-29 17:35:00,2016-06-29 19:35:00,2016-06-29 21:31:00,2016-06-29 23:31:00
392,NYA,2016-06-30 13:05:00,2016-06-30 16:01:00,2016-06-30 11:35:00,2016-06-30 13:35:00,2016-06-30 15:31:00,2016-06-30 17:31:00
393,NYN,2016-06-30 19:10:00,2016-06-30 22:06:00,2016-06-30 17:40:00,2016-06-30 19:40:00,2016-06-30 21:36:00,2016-06-30 23:36:00
394,NYN,2016-07-01 19:10:00,2016-07-01 22:06:00,2016-07-01 17:40:00,2016-07-01 19:40:00,2016-07-01 21:36:00,2016-07-01 23:36:00
395,NYN,2016-07-02 19:10:00,2016-07-02 22:06:00,2016-07-02 17:40:00,2016-07-02 19:40:00,2016-07-02 21:36:00,2016-07-02 23:36:00
396,NYN,2016-07-03 13:10:00,2016-07-03 16:06:00,2016-07-03 11:40:00,2016-07-03 13:40:00,2016-07-03 15:36:00,2016-07-03 17:36:00
397,NYN,2016-07-04 13:10:00,2016-07-04 16:06:00,2016-07-04 11:40:00,2016-07-04 13:40:00,2016-07-04 15:36:00,2016-07-04 17:36:00
398,NYN,2016-07-05 19:10:00,2016-07-05 22:06:00,2016-07-05 17:40:00,2016-07-05 19:40:00,2016-07-05 21:36:00,2016-07-05 23:36:00
399,NYN,2016-07-06 13:10:00,2016-07-06 16:06:00,2016-07-06 11:40:00,2016-07-06 13:40:00,2016-07-06 15:36:00,2016-07-06 17:36:00
400,NYN,2016-07-07 19:10:00,2016-07-07 22:06:00,2016-07-07 17:40:00,2016-07-07 19:40:00,2016-07-07 21:36:00,2016-07-07 23:36:00
401,NYN,2016-07-08 19:10:00,2016-07-08 22:06:00,2016-07-08 17:40:00,2016-07-08 19:40:00,2016-07-08 21:36:00,2016-07-08 23:36:00
402,NYN,2016-07-09 19:10:00,2016-07-09 22:06:00,2016-07-09 17:40:00,2016-07-09 19:40:00,2016-07-09 21:36:00,2016-07-09 23:36:00
403,NYN,2016-07-10 13:10:00,2016-07-10 16:06:00,2016-07-10 11:40:00,2016-07-10 13:40:00,2016-07-10 15:36:00,2016-07-10 17:36:00
404,NYA,2016-07-15 19:05:00,2016-07-15 22:01:00,2016-07-15 17:35:00,2016-07-15 19:35:00,2016-07-15 21:31:00,2016-07-15 23:31:00
405,NYA,2016-07-16 13:05:00,2016-07-16 16:01:00,2016-07-16 11:35:00,2016-07-16 13:35:00,2016-07-16 15:31:00,2016-07-16 17:31:00
406,NYA,2016-07-17 19:05:00,2016-07-17 22:01:00,2016-07-17 17:35:00,2016-07-17 19:35:00,2016-07-17 21:31:00,2016-07-17 23:31:00
407,NYA,2016-07-18 19:05:00,2016-07-18 22:01:00,2016-07-18 17:35:00,2016-07-18 19:35:00,2016-07-18 21:31:00,2016-07-18 23:31:00
408,NYA,2016-07-19 19:05:00,2016-07-19 22:01:00,2016-07-19 17:35:00,2016-07-19 19:35:00,2016-07-19 21:31:00,2016-07-19 23:31:00
409,NYA,2016-07-20 19:05:00,2016-07-20 22:01:00,2016-07-20 17:35:00,2016-07-20 19:35:00,2016-07-20 21:31:00,2016-07-20 23:31:00
410,NYA,2016-07-21 13:05:00,2016-07-21 16:01:00,2016-07-21 11:35:00,2016-07-21 13:35:00,2016-07-21 15:31:00,2016-07-21 17:31:00
411,NYA,2016-07-22 19:05:00,2016-07-22 22:01:00,2016-07-22 17:35:00,2016-07-22 19:35:00,2016-07-22 21:31:00,2016-07-22 23:31:00
412,NYA,2016-07-23 13:05:00,2016-07-23 16:01:00,2016-07-23 11:35:00,2016-07-23 13:35:00,2016-07-23 15:31:00,2016-07-23 17:31:00
413,NYA,2016-07-24 13:05:00,2016-07-24 16:01:00,2016-07-24 11:35:00,2016-07-24 13:35:00,2016-07-24 15:31:00,2016-07-24 17:31:00
414,NYN,2016-07-26 19:10:00,2016-07-26 22:06:00,2016-07-26 17:40:00,2016-07-26 19:40:00,2016-07-26 21:36:00,2016-07-26 23:36:00
415,NYN,2016-07-27 19:10:00,2016-07-27 22:06:00,2016-07-27 17:40:00,2016-07-27 19:40:00,2016-07-27 21:36:00,2016-07-27 23:36:00
416,NYN,2016-07-28 13:10:00,2016-07-28 16:06:00,2016-07-28 11:40:00,2016-07-28 13:40:00,2016-07-28 15:36:00,2016-07-28 17:36:00
417,NYN,2016-07-29 19:10:00,2016-07-29 22:06:00,2016-07-29 17:40:00,2016-07-29 19:40:00,2016-07-29 21:36:00,2016-07-29 23:36:00
418,NYN,2016-07-30 19:10:00,2016-07-30 22:06:00,2016-07-30 17:40:00,2016-07-30 19:40:00,2016-07-30 21:36:00,2016-07-30 23:36:00
419,NYN,2016-07-31 13:10:00,2016-07-31 16:06:00,2016-07-31 11:40:00,2016-07-31 13:40:00,2016-07-31 15:36:00,2016-07-31 17:36:00
420,NYN,2016-08-01 19:10:00,2016-08-01 22:06:00,2016-08-01 17:40:00,2016-08-01 19:40:00,2016-08-01 21:36:00,2016-08-01 23:36:00
421,NYN,2016-08-02 19:10:00,2016-08-02 22:06:00,2016-08-02 17:40:00,2016-08-02 19:40:00,2016-08-02 21:36:00,2016-08-02 23:36:00
422,NYA,2016-08-03 19:05:00,2016-08-03 22:01:00,2016-08-03 17:35:00,2016-08-03 19:35:00,2016-08-03 21:31:00,2016-08-03 23:31:00
423,NYA,2016-08-04 19:05:00,2016-08-04 22:01:00,2016-08-04 17:35:00,2016-08-04 19:35:00,2016-08-04 21:31:00,2016-08-04 23:31:00
424,NYA,2016-08-05 19:05:00,2016-08-05 22:01:00,2016-08-05 17:35:00,2016-08-05 19:35:00,2016-08-05 21:31:00,2016-08-05 23:31:00
425,NYA,2016-08-06 13:05:00,2016-08-06 16:01:00,2016-08-06 11:35:00,2016-08-06 13:35:00,2016-08-06 15:31:00,2016-08-06 17:31:00
426,NYA,2016-08-07 13:05:00,2016-08-07 16:01:00,2016-08-07 11:35:00,2016-08-07 13:35:00,2016-08-07 15:31:00,2016-08-07 17:31:00
427,NYN,2016-08-09 19:10:00,2016-08-09 22:06:00,2016-08-09 17:40:00,2016-08-09 19:40:00,2016-08-09 21:36:00,2016-08-09 23:36:00
428,NYN,2016-08-10 19:10:00,2016-08-10 22:06:00,2016-08-10 17:40:00,2016-08-10 19:40:00,2016-08-10 21:36:00,2016-08-10 23:36:00
429,NYN,2016-08-11 13:10:00,2016-08-11 16:06:00,2016-08-11 11:40:00,2016-08-11 13:40:00,2016-08-11 15:36:00,2016-08-11 17:36:00
430,NYA,2016-08-12 19:05:00,2016-08-12 22:01:00,2016-08-12 17:35:00,2016-08-12 19:35:00,2016-08-12 21:31:00,2016-08-12 23:31:00
431,NYN,2016-08-12 19:10:00,2016-08-12 22:06:00,2016-08-12 17:40:00,2016-08-12 19:40:00,2016-08-12 21:36:00,2016-08-12 23:36:00
432,NYA,2016-08-13 13:05:00,2016-08-13 16:01:00,2016-08-13 11:35:00,2016-08-13 13:35:00,2016-08-13 15:31:00,2016-08-13 17:31:00
433,NYN,2016-08-13 19:10:00,2016-08-13 22:06:00,2016-08-13 17:40:00,2016-08-13 19:40:00,2016-08-13 21:36:00,2016-08-13 23:36:00
434,NYA,2016-08-14 13:05:00,2016-08-14 16:01:00,2016-08-14 11:35:00,2016-08-14 13:35:00,2016-08-14 15:31:00,2016-08-14 17:31:00
435,NYN,2016-08-14 13:10:00,2016-08-14 16:06:00,2016-08-14 11:40:00,2016-08-14 13:40:00,2016-08-14 15:36:00,2016-08-14 17:36:00
436,NYA,2016-08-15 19:05:00,2016-08-15 22:01:00,2016-08-15 17:35:00,2016-08-15 19:35:00,2016-08-15 21:31:00,2016-08-15 23:31:00
437,NYA,2016-08-16 19:05:00,2016-08-16 22:01:00,2016-08-16 17:35:00,2016-08-16 19:35:00,2016-08-16 21:31:00,2016-08-16 23:31:00
438,NYA,2016-08-17 13:05:00,2016-08-17 16:01:00,2016-08-17 11:35:00,2016-08-17 13:35:00,2016-08-17 15:31:00,2016-08-17 17:31:00
439,NYA,2016-08-26 19:05:00,2016-08-26 22:01:00,2016-08-26 17:35:00,2016-08-26 19:35:00,2016-08-26 21:31:00,2016-08-26 23:31:00
440,NYN,2016-08-26 19:10:00,2016-08-26 22:06:00,2016-08-26 17:40:00,2016-08-26 19:40:00,2016-08-26 21:36:00,2016-08-26 23:36:00
441,NYA,2016-08-27 13:05:00,2016-08-27 16:01:00,2016-08-27 11:35:00,2016-08-27 13:35:00,2016-08-27 15:31:00,2016-08-27 17:31:00
442,NYN,2016-08-27 19:10:00,2016-08-27 22:06:00,2016-08-27 17:40:00,2016-08-27 19:40:00,2016-08-27 21:36:00,2016-08-27 23:36:00
443,NYA,2016-08-28 13:05:00,2016-08-28 16:01:00,2016-08-28 11:35:00,2016-08-28 13:35:00,2016-08-28 15:31:00,2016-08-28 17:31:00
444,NYN,2016-08-28 13:10:00,2016-08-28 16:06:00,2016-08-28 11:40:00,2016-08-28 13:40:00,2016-08-28 15:36:00,2016-08-28 17:36:00
445,NYN,2016-08-29 19:10:00,2016-08-29 22:06:00,2016-08-29 17:40:00,2016-08-29 19:40:00,2016-08-29 21:36:00,2016-08-29 23:36:00
446,NYN,2016-08-30 19:10:00,2016-08-30 22:06:00,2016-08-30 17:40:00,2016-08-30 19:40:00,2016-08-30 21:36:00,2016-08-30 23:36:00
447,NYN,2016-08-31 19:10:00,2016-08-31 22:06:00,2016-08-31 17:40:00,2016-08-31 19:40:00,2016-08-31 21:36:00,2016-08-31 23:36:00
448,NYN,2016-09-01 19:10:00,2016-09-01 22:06:00,2016-09-01 17:40:00,2016-09-01 19:40:00,2016-09-01 21:36:00,2016-09-01 23:36:00
449,NYN,2016-09-02 19:10:00,2016-09-02 22:06:00,2016-09-02 17:40:00,2016-09-02 19:40:00,2016-09-02 21:36:00,2016-09-02 23:36:00
450,NYN,2016-09-03 19:10:00,2016-09-03 22:06:00,2016-09-03 17:40:00,2016-09-03 19:40:00,2016-09-03 21:36:00,2016-09-03 23:36:00
451,NYN,2016-09-04 13:10:00,2016-09-04 16:06:00,2016-09-04 11:40:00,2016-09-04 13:40:00,2016-09-04 15:36:00,2016-09-04 17:36:00
452,NYA,2016-09-05 13:05:00,2016-09-05 16:01:00,2016-09-05 11:35:00,2016-09-05 13:35:00,2016-09-05 15:31:00,2016-09-05 17:31:00
453,NYA,2016-09-06 19:05:00,2016-09-06 22:01:00,2016-09-06 17:35:00,2016-09-06 19:35:00,2016-09-06 21:31:00,2016-09-06 23:31:00
454,NYA,2016-09-07 19:05:00,2016-09-07 22:01:00,2016-09-07 17:35:00,2016-09-07 19:35:00,2016-09-07 21:31:00,2016-09-07 23:31:00
455,NYA,2016-09-08 19:05:00,2016-09-08 22:01:00,2016-09-08 17:35:00,2016-09-08 19:35:00,2016-09-08 21:31:00,2016-09-08 23:31:00
456,NYA,2016-09-09 19:05:00,2016-09-09 22:01:00,2016-09-09 17:35:00,2016-09-09 19:35:00,2016-09-09 21:31:00,2016-09-09 23:31:00
457,NYA,2016-09-10 13:05:00,2016-09-10 16:01:00,2016-09-10 11:35:00,2016-09-10 13:35:00,2016-09-10 15:31:00,2016-09-10 17:31:00
458,NYA,2016-09-11 13:05:00,2016-09-11 16:01:00,2016-09-11 11:35:00,2016-09-11 13:35:00,2016-09-11 15:31:00,2016-09-11 17:31:00
459,NYA,2016-09-12 19:05:00,2016-09-12 22:01:00,2016-09-12 17:35:00,2016-09-12 19:35:00,2016-09-12 21:31:00,2016-09-12 23:31:00
460,NYA,2016-09-13 19:05:00,2016-09-13 22:01:00,2016-09-13 17:35:00,2016-09-13 19:35:00,2016-09-13 21:31:00,2016-09-13 23:31:00
461,NYA,2016-09-14 13:05:00,2016-09-14 16:01:00,2016-09-14 11:35:00,2016-09-14 13:35:00,2016-09-14 15:31:00,2016-09-14 17:31:00
462,NYN,2016-09-16 19:10:00,2016-09-16 22:06:00,2016-09-16 17:40:00,2016-09-16 19:40:00,2016-09-16 21:36:00,2016-09-16 23:36:00
463,NYN,2016-09-17 19:10:00,2016-09-17 22:06:00,2016-09-17 17:40:00,2016-09-17 19:40:00,2016-09-17 21:36:00,2016-09-17 23:36:00
464,NYN,2016-09-18 13:10:00,2016-09-18 16:06:00,2016-09-18 11:40:00,2016-09-18 13:40:00,2016-09-18 15:36:00,2016-09-18 17:36:00
465,NYN,2016-09-19 19:10:00,2016-09-19 22:06:00,2016-09-19 17:40:00,2016-09-19 19:40:00,2016-09-19 21:36:00,2016-09-19 23:36:00
466,NYN,2016-09-20 19:10:00,2016-09-20 22:06:00,2016-09-20 17:40:00,2016-09-20 19:40:00,2016-09-20 21:36:00,2016-09-20 23:36:00
467,NYN,2016-09-21 19:10:00,2016-09-21 22:06:00,2016-09-21 17:40:00,2016-09-21 19:40:00,2016-09-21 21:36:00,2016-09-21 23:36:00
468,NYN,2016-09-22 19:10:00,2016-09-22 22:06:00,2016-09-22 17:40:00,2016-09-22 19:40:00,2016-09-22 21:36:00,2016-09-22 23:36:00
469,NYN,2016-09-23 19:10:00,2016-09-23 22:06:00,2016-09-23 17:40:00,2016-09-23 19:40:00,2016-09-23 21:36:00,2016-09-23 23:36:00
470,NYN,2016-09-24 19:10:00,2016-09-24 22:06:00,2016-09-24 17:40:00,2016-09-24 19:40:00,2016-09-24 21:36:00,2016-09-24 23:36:00
471,NYN,2016-09-25 13:10:00,2016-09-25 16:06:00,2016-09-25 11:40:00,2016-09-25 13:40:00,2016-09-25 15:36:00,2016-09-25 17:36:00
472,NYA,2016-09-27 19:05:00,2016-09-27 22:01:00,2016-09-27 17:35:00,2016-09-27 19:35:00,2016-09-27 21:31:00,2016-09-27 23:31:00
473,NYA,2016-09-28 19:05:00,2016-09-28 22:01:00,2016-09-28 17:35:00,2016-09-28 19:35:00,2016-09-28 21:31:00,2016-09-28 23:31:00
474,NYA,2016-09-29 19:05:00,2016-09-29 22:01:00,2016-09-29 17:35:00,2016-09-29 19:35:00,2016-09-29 21:31:00,2016-09-29 23:31:00
475,NYA,2016-09-30 19:05:00,2016-09-30 22:01:00,2016-09-30 17:35:00,2016-09-30 19:35:00,2016-09-30 21:31:00,2016-09-30 23:31:00
476,NYA,2016-10-01 13:05:00,2016-10-01 16:01:00,2016-10-01 11:35:00,2016-10-01 13:35:00,2016-10-01 15:31:00,2016-10-01 17:31:00
477,NYA,2016-10-02 13:05:00,2016-10-02 16:01:00,2016-10-02 11:35:00,2016-10-02 13:35:00,2016-10-02 15:31:00,2016-10-02 17:31:00
